layer,regime,theta,observable,response,predicted_exponent,fitted_exponent,nominal_exponent_residual,all_three_window_gate,separate_resolution_gate,row_stability_gate,censored,censor_reason,claim_eligible,status
B_fixed_infinite_spectrum,LM,0.2,noise_gap,below_boundary_not_claim_bearing,0.0,-0.09050330717940508,-0.09050330717940508,False,True,True,True,below_decay_boundary,False,CENSORED
B_fixed_infinite_spectrum,LM,0.2,centered_total,below_boundary_not_claim_bearing,0.0,-0.05211639963117831,-0.05211639963117831,True,True,True,True,below_decay_boundary,False,CENSORED
B_fixed_infinite_spectrum,LM,0.25,noise_gap,stability_boundary,0.0,-0.03772882961729751,-0.03772882961729751,True,True,True,True,stability_boundary,False,CENSORED
B_fixed_infinite_spectrum,LM,0.25,centered_total,stability_boundary,0.0,0.006588824648660838,0.006588824648660838,True,True,True,True,stability_boundary,False,CENSORED
B_fixed_infinite_spectrum,LM,0.3,noise_gap,changed,0.050000000000000044,0.013765899292111023,-0.03623410070788902,True,True,True,False,,True,PASS
B_fixed_infinite_spectrum,LM,0.3,centered_total,changed,0.050000000000000044,0.06436795732967486,0.014367957329674816,True,True,True,False,,True,PASS
B_fixed_infinite_spectrum,LM,0.35,noise_gap,changed,0.10000000000000009,0.0643606581598569,-0.03563934184014318,True,True,True,False,,True,PASS
B_fixed_infinite_spectrum,LM,0.35,centered_total,changed,0.10000000000000009,0.12133619989787586,0.021336199897875774,True,True,True,False,,True,PASS
B_fixed_infinite_spectrum,LM,0.4,noise_gap,changed,0.1499999999999999,0.11426093690500991,-0.03573906309499,True,True,True,False,,True,PASS
B_fixed_infinite_spectrum,LM,0.4,centered_total,changed,0.1499999999999999,0.1772856820303054,0.027285682030305486,True,True,True,False,,True,PASS
B_fixed_infinite_spectrum,LM,0.45,noise_gap,changed,0.19999999999999996,0.1635550818257997,-0.03644491817420026,True,True,True,False,,True,PASS
B_fixed_infinite_spectrum,LM,0.45,centered_total,changed,0.19999999999999996,0.23171374773703982,0.03171374773703986,True,True,True,False,,True,PASS
B_fixed_infinite_spectrum,LM,0.5,noise_gap,changed,0.25,0.21224689510444855,-0.03775310489555145,True,True,True,False,,True,PASS
B_fixed_infinite_spectrum,LM,0.5,centered_total,changed,0.25,0.28384715416262046,0.03384715416262046,True,True,True,False,,True,PASS
B_fixed_infinite_spectrum,LM,0.55,noise_gap,changed,0.30000000000000004,0.26027378004975654,-0.0397262199502435,True,True,True,False,,True,PASS
B_fixed_infinite_spectrum,LM,0.55,centered_total,changed,0.30000000000000004,0.332693478914285,0.03269347891428498,True,True,True,False,,True,PASS
B_fixed_infinite_spectrum,LM,0.6,noise_gap,changed,0.3500000000000001,0.30751620320506456,-0.042483796794935524,True,True,True,False,,True,PASS
B_fixed_infinite_spectrum,LM,0.6,centered_total,changed,0.3500000000000001,0.37714699675388036,0.02714699675388027,True,True,True,False,,True,PASS
B_fixed_infinite_spectrum,LM,0.65,noise_gap,changed,0.3999999999999999,0.3538021587014015,-0.046197841298598386,True,True,True,False,,True,PASS
B_fixed_infinite_spectrum,LM,0.65,centered_total,changed,0.3999999999999999,0.4161591567964698,0.016159156796469898,True,True,True,False,,True,PASS
B_fixed_infinite_spectrum,LM,0.7,noise_gap,changed,0.44999999999999996,0.3989093715453565,-0.05109062845464346,True,True,True,False,,True,PASS
B_fixed_infinite_spectrum,LM,0.7,centered_total,changed,0.44999999999999996,0.44894800326897477,-0.0010519967310251843,True,True,True,False,,True,PASS
B_fixed_infinite_spectrum,LM,0.75,noise_gap,critical,0.5,0.44256763978182895,-0.05743236021817105,True,True,True,True,critical_power_equality,False,CENSORED
B_fixed_infinite_spectrum,LM,0.75,centered_total,critical,0.5,0.47518016364415794,-0.024819836355842062,True,True,True,True,critical_power_equality,False,CENSORED
B_fixed_infinite_spectrum,LM,0.8,noise_gap,preserved,0.55,0.48446366576787175,-0.06553633423212829,True,True,True,False,,True,PASS
B_fixed_infinite_spectrum,LM,0.8,centered_total,preserved,0.5,0.49504780195855097,-0.00495219804144903,True,True,True,False,,True,PASS
B_fixed_infinite_spectrum,LM,0.85,noise_gap,preserved,0.6000000000000001,0.524250668795723,-0.07574933120427707,True,True,True,False,,True,PASS
B_fixed_infinite_spectrum,LM,0.85,centered_total,preserved,0.5,0.5092049268033494,0.00920492680334939,True,True,True,False,,True,PASS
B_fixed_infinite_spectrum,LM,0.9,noise_gap,preserved,0.6499999999999999,0.5615646728441958,-0.08843532715580416,False,True,True,False,,False,INCONCLUSIVE
B_fixed_infinite_spectrum,LM,0.9,centered_total,preserved,0.5,0.5185979901130118,0.018597990113011775,True,True,True,False,,True,PASS
B_fixed_infinite_spectrum,LM,0.95,noise_gap,preserved,0.7,0.5960482932642528,-0.10395170673574716,False,True,True,False,,False,INCONCLUSIVE
B_fixed_infinite_spectrum,LM,0.95,centered_total,preserved,0.5,0.5242689509994399,0.02426895099943993,True,True,True,False,,True,PASS
B_fixed_infinite_spectrum,LM,1.0,noise_gap,memory_ceiling_boundary,0.75,0.6273809397840815,-0.12261906021591851,False,True,True,True,logarithmic_injection_boundary,False,CENSORED
B_fixed_infinite_spectrum,LM,1.0,centered_total,memory_ceiling_boundary,0.5,0.5271985986546952,0.027198598654695205,True,True,True,True,logarithmic_injection_boundary,False,CENSORED
B_fixed_infinite_spectrum,LM,1.05,noise_gap,preserved,0.75,0.6553118635299301,-0.0946881364700699,False,True,True,False,,False,INCONCLUSIVE
B_fixed_infinite_spectrum,LM,1.05,centered_total,preserved,0.5,0.5282174738326292,0.02821747383262918,True,True,True,False,,True,PASS
B_fixed_infinite_spectrum,LM,1.1,noise_gap,preserved,0.75,0.6796902306107625,-0.0703097693892375,True,True,True,False,,True,PASS
B_fixed_infinite_spectrum,LM,1.1,centered_total,preserved,0.5,0.527977009187083,0.027977009187083013,True,True,True,False,,True,PASS
B_fixed_infinite_spectrum,LM,1.15,noise_gap,preserved,0.75,0.7004855914895655,-0.04951440851043454,True,True,True,False,,True,PASS
B_fixed_infinite_spectrum,LM,1.15,centered_total,preserved,0.5,0.5269592049161596,0.02695920491615955,True,True,True,False,,True,PASS
B_fixed_infinite_spectrum,LM,1.2,noise_gap,preserved,0.75,0.71779360040225,-0.03220639959774996,True,True,True,False,,True,PASS
B_fixed_infinite_spectrum,LM,1.2,centered_total,preserved,0.5,0.5255042687603192,0.025504268760319193,True,True,True,False,,True,PASS
B_fixed_infinite_spectrum,LM,1.25,noise_gap,preserved,0.75,0.7318254132544084,-0.01817458674559158,True,True,True,False,,True,PASS
B_fixed_infinite_spectrum,LM,1.25,centered_total,preserved,0.5,0.5238425316640417,0.02384253166404171,True,True,True,False,,True,PASS
B_fixed_infinite_spectrum,IM,0.0,noise_gap,stability_boundary,0.0,-0.06036770987276108,-0.06036770987276108,True,True,True,True,stability_boundary,False,CENSORED
B_fixed_infinite_spectrum,IM,0.0,centered_total,stability_boundary,0.0,-0.008073433960958384,-0.008073433960958384,True,True,True,True,stability_boundary,False,CENSORED
B_fixed_infinite_spectrum,IM,0.05,noise_gap,changed,0.05,-0.008306288331499025,-0.05830628833149903,False,True,True,False,,False,INCONCLUSIVE
B_fixed_infinite_spectrum,IM,0.05,centered_total,changed,0.05,0.05240642260084718,0.002406422600847176,True,True,True,False,,True,PASS
B_fixed_infinite_spectrum,IM,0.1,noise_gap,changed,0.1,0.04331285965625282,-0.05668714034374719,True,True,True,False,,True,PASS
B_fixed_infinite_spectrum,IM,0.1,centered_total,changed,0.1,0.1127775982137022,0.012777598213702196,True,True,True,False,,True,PASS
B_fixed_infinite_spectrum,IM,0.15,noise_gap,changed,0.15,0.09468898000409476,-0.055311019995905236,True,True,True,False,,True,PASS
B_fixed_infinite_spectrum,IM,0.15,centered_total,changed,0.15,0.1726798461849208,0.022679846184920804,True,True,True,False,,True,PASS
B_fixed_infinite_spectrum,IM,0.2,noise_gap,changed,0.2,0.1459467072606836,-0.054053292739316416,True,True,True,False,,True,PASS
B_fixed_infinite_spectrum,IM,0.2,centered_total,changed,0.2,0.23137898662331513,0.03137898662331512,True,True,True,False,,True,PASS
B_fixed_infinite_spectrum,IM,0.25,noise_gap,changed,0.25,0.19716362028681444,-0.052836379713185555,True,True,True,False,,True,PASS
B_fixed_infinite_spectrum,IM,0.25,centered_total,changed,0.25,0.28775687307785464,0.037756873077854636,True,True,True,False,,True,PASS
B_fixed_infinite_spectrum,IM,0.3,noise_gap,changed,0.3,0.24838708418049596,-0.05161291581950403,True,True,True,False,,True,PASS
B_fixed_infinite_spectrum,IM,0.3,centered_total,changed,0.3,0.3403621947129678,0.040362194712967814,True,True,True,False,,True,PASS
B_fixed_infinite_spectrum,IM,0.35,noise_gap,changed,0.35,0.2996444980628807,-0.050355501937119296,True,True,True,False,,True,PASS
B_fixed_infinite_spectrum,IM,0.35,centered_total,changed,0.35,0.38757601720964735,0.03757601720964737,True,True,True,False,,True,PASS
B_fixed_infinite_spectrum,IM,0.4,noise_gap,changed,0.4,0.35094932497776077,-0.049050675022239254,True,True,True,False,,True,PASS
B_fixed_infinite_spectrum,IM,0.4,centered_total,changed,0.4,0.4279123238182853,0.02791232381828529,True,True,True,False,,True,PASS
B_fixed_infinite_spectrum,IM,0.45,noise_gap,changed,0.45,0.4023042933221967,-0.04769570667780332,True,True,True,False,,True,PASS
B_fixed_infinite_spectrum,IM,0.45,centered_total,changed,0.45,0.4603881227710803,0.01038812277108031,True,True,True,False,,True,PASS
B_fixed_infinite_spectrum,IM,0.5,noise_gap,critical,0.5,0.4537025668646271,-0.04629743313537288,True,True,True,True,critical_power_equality,False,CENSORED
B_fixed_infinite_spectrum,IM,0.5,centered_total,critical,0.5,0.48480450515137397,-0.015195494848626034,True,True,True,True,critical_power_equality,False,CENSORED
B_fixed_infinite_spectrum,IM,0.55,noise_gap,preserved,0.55,0.5051273035773844,-0.0448726964226156,True,True,True,False,,True,PASS
B_fixed_infinite_spectrum,IM,0.55,centered_total,preserved,0.5,0.50178281807429,0.001782818074290038,True,True,True,False,,True,PASS
B_fixed_infinite_spectrum,IM,0.6,noise_gap,preserved,0.6,0.556549768947467,-0.043450231052532984,True,True,True,False,,True,PASS
B_fixed_infinite_spectrum,IM,0.6,centered_total,preserved,0.5,0.5125385328442388,0.012538532844238781,True,True,True,False,,True,PASS
B_fixed_infinite_spectrum,IM,0.65,noise_gap,preserved,0.65,0.6079259880978172,-0.04207401190218285,True,True,True,False,,True,PASS
B_fixed_infinite_spectrum,IM,0.65,centered_total,preserved,0.5,0.5185310683508983,0.01853106835089835,True,True,True,False,,True,PASS
B_fixed_infinite_spectrum,IM,0.7,noise_gap,preserved,0.7,0.6591917908958141,-0.04080820910418581,True,True,True,False,,True,PASS
B_fixed_infinite_spectrum,IM,0.7,centered_total,preserved,0.5,0.5211589048634007,0.021158904863400663,True,True,True,False,,True,PASS
B_fixed_infinite_spectrum,IM,0.75,noise_gap,preserved,0.75,0.7102560249594212,-0.039743975040578805,True,True,True,False,,True,PASS
B_fixed_infinite_spectrum,IM,0.75,centered_total,preserved,0.5,0.5215851354093939,0.021585135409393885,True,True,True,False,,True,PASS
B_fixed_infinite_spectrum,IM,0.8,noise_gap,preserved,0.8,0.7609917067508701,-0.03900829324912991,True,True,True,False,,True,PASS
B_fixed_infinite_spectrum,IM,0.8,centered_total,preserved,0.5,0.5206858263381006,0.020685826338100566,True,True,True,False,,True,PASS
B_fixed_infinite_spectrum,IM,0.85,noise_gap,preserved,0.85,0.8112250056703381,-0.038774994329661916,True,True,True,False,,True,PASS
B_fixed_infinite_spectrum,IM,0.85,centered_total,preserved,0.5,0.5190733712186781,0.019073371218678137,True,True,True,False,,True,PASS
B_fixed_infinite_spectrum,IM,0.9,noise_gap,preserved,0.9,0.8607223052989074,-0.03927769470109266,True,True,True,False,,True,PASS
B_fixed_infinite_spectrum,IM,0.9,centered_total,preserved,0.5,0.5171501137957997,0.01715011379579967,True,True,True,False,,True,PASS
B_fixed_infinite_spectrum,IM,0.95,noise_gap,preserved,0.95,0.9091762958944366,-0.04082370410556335,True,True,True,False,,True,PASS
B_fixed_infinite_spectrum,IM,0.95,centered_total,preserved,0.5,0.5151651030517039,0.015165103051703932,True,True,True,False,,True,PASS
B_fixed_infinite_spectrum,IM,1.0,noise_gap,preserved,1.0,0.9561932701461325,-0.043806729853867465,True,True,True,False,,True,PASS
B_fixed_infinite_spectrum,IM,1.0,centered_total,preserved,0.5,0.5132621090696908,0.01326210906969083,True,True,True,False,,True,PASS
B_fixed_infinite_spectrum,IM,1.05,noise_gap,preserved,1.05,1.0012855742739062,-0.04871442572609386,True,True,True,False,,True,PASS
B_fixed_infinite_spectrum,IM,1.05,centered_total,preserved,0.5,0.5115159606348573,0.01151596063485727,True,True,True,False,,True,PASS
B_fixed_infinite_spectrum,IM,1.1,noise_gap,preserved,1.1,1.043875241580076,-0.05612475841992404,True,True,True,False,,True,PASS
B_fixed_infinite_spectrum,IM,1.1,centered_total,preserved,0.5,0.5099582594804137,0.009958259480413734,True,True,True,False,,True,PASS
B_fixed_infinite_spectrum,IM,1.1166666666666667,noise_gap,preserved,1.1166666666666667,1.0574051983568808,-0.05926146830978585,True,True,True,False,,True,PASS
B_fixed_infinite_spectrum,IM,1.1166666666666667,centered_total,preserved,0.5,0.5094823990331621,0.009482399033162059,True,True,True,False,,True,PASS
B_fixed_infinite_spectrum,IM,1.15,noise_gap,preserved,1.15,1.0833162769613534,-0.06668372303864656,True,True,True,False,,True,PASS
B_fixed_infinite_spectrum,IM,1.15,centered_total,preserved,0.5,0.5085947613727436,0.00859476137274362,True,True,True,False,,True,PASS
B_fixed_infinite_spectrum,IM,1.1666666666666667,noise_gap,memory_ceiling_boundary,1.1666666666666667,1.0956476803160147,-0.07101898635065207,True,True,True,True,memory_ceiling,False,CENSORED
B_fixed_infinite_spectrum,IM,1.1666666666666667,centered_total,memory_ceiling_boundary,0.5,0.5081821687010886,0.008182168701088566,True,True,True,True,memory_ceiling,False,CENSORED
B_fixed_infinite_spectrum,IM,1.2,noise_gap,preserved,1.1666666666666667,1.1189420707235929,-0.04772459594307388,True,True,True,False,,True,PASS
B_fixed_infinite_spectrum,IM,1.2,centered_total,preserved,0.5,0.5074167143557924,0.0074167143557923865,True,True,True,False,,True,PASS
B_fixed_infinite_spectrum,IM,1.2166666666666668,noise_gap,preserved,1.1666666666666667,1.129860202429936,-0.03680646423673073,True,True,True,False,,True,PASS
B_fixed_infinite_spectrum,IM,1.2166666666666668,centered_total,preserved,0.5,0.5070625776140825,0.007062577614082466,True,True,True,False,,True,PASS
B_fixed_infinite_spectrum,IM,1.25,noise_gap,preserved,1.1666666666666667,1.1501388744592176,-0.016527792207449155,True,True,True,False,,True,PASS
B_fixed_infinite_spectrum,IM,1.25,centered_total,preserved,0.5,0.5064080224660304,0.00640802246603045,True,True,True,False,,True,PASS
B_fixed_infinite_spectrum,IM,1.3,noise_gap,preserved,1.1666666666666667,1.1764356517729515,0.009768985106284767,True,True,True,False,,True,PASS
B_fixed_infinite_spectrum,IM,1.3,centered_total,preserved,0.5,0.5055496209846484,0.005549620984648396,True,True,True,False,,True,PASS
B_fixed_infinite_spectrum,IM,1.35,noise_gap,preserved,1.1666666666666667,1.1975886084949177,0.03092194182825092,True,True,True,False,,True,PASS
B_fixed_infinite_spectrum,IM,1.35,centered_total,preserved,0.5,0.5048220375314396,0.004822037531439616,True,True,True,False,,True,PASS
