phase,legacy_phase,alpha,beta,m,input_dimension,sigma2_terminal_boundary,terminal_ratio_extremizer_t,terminal_threshold_window_relative_spread,sigma2_zero_boundary,zero_threshold_extrapolation_relative_spread,initial_risk,clean_terminal,unit_noise_terminal,F0,kappa_m
\mathrm{IM}_1,Ia,0.7,0.3,3200,6400,0.8792835943764795,81410.27556672374,8.657594312611756e-10,33.21822760925002,1.2866643353990092e-10,1.6447778290546222,0.000993886748844019,0.08388728650135231,0.0009169650398356056,0.07739484312259959
\mathrm{IM}_1,Ia,0.7,0.3,4800,9600,0.6920426520666515,142919.4772195488,1.7234346413624534e-09,33.2452752571683,1.41287084661982e-10,1.6448299056067186,0.0006662773927839733,0.08421596769444045,0.0006145246082298496,0.07767453183107395
\mathrm{IM}_1,Ia,0.7,0.3,6400,12800,0.5836770324710424,213159.43760952773,3.26023152932941e-13,33.259084127311695,4.365986616064765e-10,1.6448559448999052,0.0005014113124169859,0.08441913740032751,0.0004623777791482145,0.07784733272294059
\mathrm{IM}_1,Ia,0.7,0.3,9600,19200,0.45890899893567444,374668.23903822125,7.289394181276381e-10,33.27256132110942,2.9730902635364455e-10,1.6448819848712064,0.00033566599346573754,0.08466885745449078,0.0003094640278079718,0.07805963716261967
\mathrm{IM}_1,Ia,0.7,0.3,12800,25600,0.3868349726801465,559178.9813539711,6.697525230050613e-10,33.27936071198572,5.348785781773782e-10,1.6448950051111564,0.0002523930316013604,0.08482316056062529,0.00023265822557745386,0.07819077214095389
\mathrm{IM}_1,Ia,0.7,0.3,19200,38400,0.3039419776567761,983673.045838896,3.2851341796374617e-11,33.28653093362414,1.963682653789848e-09,1.644908025520641,0.0001687881566615783,0.0850127158958,0.00015556329818883707,0.0783518152832084
\mathrm{IM}_1,Ia,0.7,0.3,25600,51200,0.2560839478396118,1468978.5368794664,1.5818214488122039e-09,33.28983633242135,5.600527939084938e-10,1.6449145357889605,0.00012683450890185478,0.08512982959431693,0.00011688417868788357,0.07845128506525648
\mathrm{IM}_1,Ia,0.7,0.3,38400,76800,0.2011016441288921,2585888.4177648313,1.97203477711549e-10,33.29319757807727,6.203682293892985e-10,1.6449210460996637,8.475540316752174e-05,0.08527367669318457,7.809588031819809e-05,0.07857343131459008
\mathrm{IM}_1,Ia,0.7,0.3,51200,102400,0.16938611790844774,3863182.073013959,1.3066416510090845e-09,33.29500399591814,8.972061208067894e-10,1.6449243012709105,6.36586670899392e-05,0.085362511901512,5.865198621832971e-05,0.07864884862474222
\mathrm{IM}_2,II,0.7,0.6,3200,6400,0.06145891312985118,61571.332335253435,2.4902197731564295e-09,31.83031906172325,1.254806339721222e-10,1.3054773009861442,7.913673396127543e-05,0.08388726815629502,7.30119600868529e-05,0.0773948275072815
\mathrm{IM}_2,II,0.7,0.6,4800,9600,0.04119491096509507,102329.66297372722,1.3700382515276014e-10,31.855910680284108,3.126462602758238e-10,1.3054775434839219,4.57307336606579e-05,0.08421595890789572,4.217862067509258e-05,0.07767452435649849
\mathrm{IM}_2,II,0.7,0.6,6400,12800,0.03099665155135462,146851.09715017505,1.5488328380463356e-09,31.868910123174313,7.788510337187016e-10,1.305477641456221,3.095493112033204e-05,0.08441913740032751,2.8545172297991845e-05,0.07784733272294059
\mathrm{IM}_2,II,0.7,0.6,9600,19200,0.02074257646276154,244596.7504814122,5.965921400802761e-11,31.881512983207653,2.315646499898422e-10,1.3054777214574802,1.7833620198048934e-05,0.08466887091025115,1.644153407212932e-05,0.07805964859966644
\mathrm{IM}_2,II,0.7,0.6,12800,25600,0.015591578123434044,351528.83689342596,8.193829570282447e-10,31.888328833435075,6.348901708307957e-10,1.3054777537782087,1.2048020785221984e-05,0.08482315422712916,1.1105976802094964e-05,0.07819076675917792
\mathrm{IM}_2,II,0.7,0.6,19200,38400,0.010420838252193343,586628.0297175124,1.5340913349122444e-10,31.894921510905313,7.35761740360515e-10,1.3054777801699082,6.923822946915491e-06,0.08501272317754087,6.381328807498734e-06,0.07835182146857665
\mathrm{IM}_2,II,0.7,0.6,25600,51200,0.007826737756093587,844179.7623971518,7.400442661053832e-10,31.898295249039418,2.2234347728037216e-09,1.3054777908320894,4.670109584617526e-06,0.08512982381412819,4.303733509233517e-06,0.07845128015641939
\mathrm{IM}_2,II,0.7,0.6,38400,76800,0.005225898836936773,1411181.6099307444,2.8383825421943096e-11,31.90156585793748,4.748959583990879e-09,1.3054777995382894,2.6783389045734006e-06,0.08527366688288272,2.4678926489261565e-06,0.07857342589061087
\mathrm{IM}_2,II,0.7,0.6,51200,102400,0.00392260204705989,2033066.3401372973,1.0903135562265409e-09,31.903338737310346,5.156596735667322e-09,1.3054778030555496,1.804138256350677e-06,0.08536249904740659,1.6622448794150531e-06,0.07864884174666054
\mathrm{IM}_3,III,0.6,0.7,3200,6400,0.034535719994258786,13675.59789587573,2.6060376995609788e-09,28.978847474146566,9.263903841047674e-11,1.3054773009861442,0.00027019144569741986,0.1362869169956158,0.00023778452577084665,0.11994058451008431
\mathrm{IM}_3,III,0.6,0.7,4800,9600,0.022781916473827102,20679.20338424317,4.213221853171008e-10,29.02674793757791,1.4420444030045046e-10,1.3054775434839219,0.0001675678687194382,0.13846565506254813,0.00014718746057405826,0.12162479776778222
\mathrm{IM}_3,III,0.6,0.7,6400,12800,0.016960864684422327,27754.421775967927,1.4265121023937953e-09,29.051244481556612,1.9278326510542479e-10,1.305477641456221,0.00011930312685256355,0.1399129762100317,0.00010465985504369034,0.1227400504512306
\mathrm{IM}_3,III,0.6,0.7,9600,19200,0.011192895165573362,42071.53548014037,7.576564471669299e-12,29.07696052382553,1.4443046368009206e-10,1.3054777214574802,7.384286583175566e-05,0.14182266514100986,6.467104576404288e-05,0.12420726043609881
\mathrm{IM}_3,III,0.6,0.7,12800,25600,0.008335828851397697,56564.50348977261,5.442500739956526e-10,29.090162610845482,8.496166514050944e-10,1.3054777537782087,5.2509588650744666e-05,0.14309053814227274,4.59365088753881e-05,0.12517865677973378
\mathrm{IM}_3,III,0.6,0.7,19200,38400,0.005503907651738054,85953.57971573091,7.812690227266843e-11,29.103429432431604,8.432502666823384e-10,1.3054777801699082,3.245215189050094e-05,0.14476268985005894,2.834836615329551e-05,0.12645650590605811
\mathrm{IM}_3,III,0.6,0.7,25600,51200,0.004100750766794825,115763.2698210658,4.881366908316871e-10,29.110417906769165,2.744846618525684e-09,1.3054777908320894,2.3055276821083473e-05,0.14587233911390676,2.0120283939231767e-05,0.12730243512703046
\mathrm{IM}_3,III,0.6,0.7,38400,76800,0.0027094379499649217,176335.70149359578,2.7812553447628545e-12,29.117378091997477,2.698786579869956e-09,1.3054777995382894,1.4232400171030914e-05,0.14733522620823913,1.2404744355376185e-05,0.12841515297106415
\mathrm{IM}_3,III,0.6,0.7,51200,102400,0.002019656241467696,237901.9312348765,9.467621470851224e-10,29.12073141897148,3.118520212650181e-09,1.3054778030555496,1.0104068993679849e-05,0.14830567893041824,8.799110880555095e-06,0.12915173995469292
