comparison,observable,theta,maximum_relative_curve_difference,absolute_slope_difference,included_in_numerical_gate,status
joint,pooled_tail_completed_clean,,2.0953060293950436e-05,1.5364893350966469e-06,True,PASS
joint,pooled_centered_clean,,2.60576951526558e-05,7.783677207218176e-07,True,PASS
joint,absolute_gap,0.0,0.00014027672252519603,3.647889740981958e-05,True,PASS
joint,relative_gap_contrast,0.0,0.0007076101946643095,0.0002473250706488961,True,PASS
joint,phase_envelope,0.0,0.0007076101946643095,0.0002473250706488961,True,PASS
joint,raw_total,0.0,0.00012693724042599428,3.956656007877979e-05,True,PASS
joint,absolute_gap,0.25,0.000958220144104351,0.00021084617323913202,True,PASS
joint,relative_gap_contrast,0.25,0.0,0.0,True,PASS
joint,phase_envelope,0.25,0.0,0.0,True,PASS
joint,raw_total,0.25,0.0008507683390944842,0.00022206082926953807,True,PASS
joint,absolute_gap,0.35,0.001267973329362953,0.0002762935997370347,True,PASS
joint,relative_gap_contrast,0.35,0.00018775608372111635,6.544742649788882e-05,True,PASS
joint,phase_envelope,0.35,0.00018775608372111635,6.544742649788882e-05,True,PASS
joint,raw_total,0.35,0.0010383732749922779,0.0002716083007991421,True,PASS
joint,absolute_gap,0.5,0.0016253100081312884,0.000349292739839302,True,PASS
joint,relative_gap_contrast,0.5,0.0003985777955043035,0.00013844656660005894,True,PASS
joint,phase_envelope,0.5,0.0003985777955043035,0.00013844656660005894,True,PASS
joint,raw_total,0.5,0.0010971468390850755,0.0002811271859397557,True,PASS
joint,absolute_gap,0.65,0.0018339889173013455,0.00038545489860214444,True,PASS
joint,relative_gap_contrast,0.65,0.0005054095034301633,0.0001746087253629569,True,PASS
joint,phase_envelope,0.65,0.0005054095034301633,0.0001746087253629569,True,PASS
joint,raw_total,0.65,0.00091764693242417,0.0002202804696176952,True,PASS
joint,absolute_gap,0.75,0.0018748505710220913,0.0003837528633955922,True,PASS
joint,relative_gap_contrast,0.75,0.0005034237534090319,0.00017290669015651572,True,PASS
joint,phase_envelope,0.75,0.0005034237534090319,0.00017290669015651572,True,PASS
joint,raw_total,0.75,0.0007283702632247129,0.00015978292695856267,True,PASS
joint,absolute_gap,0.9,0.0017745648880542874,0.00033744202139873725,True,PASS
joint,relative_gap_contrast,0.9,0.000375469460435483,0.00012659584815932767,True,PASS
joint,phase_envelope,0.9,1.9604771703593433e-05,1.5364893353186915e-06,True,PASS
joint,raw_total,0.9,0.0004550289727102347,7.389287148640289e-05,True,PASS
joint,absolute_gap,1.0,0.0016068935927655273,0.0002793833999052975,True,PASS
joint,relative_gap_contrast,1.0,0.00021515366447244906,6.853722666599893e-05,True,PASS
joint,phase_envelope,1.0,1.9604771703593433e-05,1.5364893353186915e-06,True,PASS
joint,raw_total,1.0,0.000318458695983487,3.146085350902439e-05,True,PASS
joint,absolute_gap,1.1,0.0013828188365723598,0.00020617123859512088,True,PASS
joint,relative_gap_contrast,1.1,8.297806705089873e-05,4.674934643844608e-06,True,PASS
joint,phase_envelope,1.1,1.9604771703593433e-05,1.5364893353186915e-06,True,PASS
joint,raw_total,1.1,0.0002333546712193427,2.702526679332351e-06,True,PASS
joint,absolute_gap,1.5,0.0006384091090588692,5.80963583022287e-05,True,PASS
joint,relative_gap_contrast,1.5,0.0007370851450569925,0.0002689425315417493,True,PASS
joint,phase_envelope,1.5,1.9604771703593433e-05,1.5364893353186915e-06,True,PASS
joint,raw_total,1.5,8.879267298344444e-05,2.7036465063190462e-05,True,PASS
joint,absolute_gap,2.5,0.00014092650199619175,5.23222120200062e-05,True,PASS
joint,relative_gap_contrast,2.5,0.0007516910772241929,0.0002631683852591937,True,PASS
joint,phase_envelope,2.5,1.9604771703593433e-05,1.5364893353186915e-06,True,PASS
joint,raw_total,2.5,2.9963154035209786e-05,8.562765005715178e-06,True,PASS
time_only,pooled_tail_completed_clean,,2.092188417001867e-05,1.5681936098577154e-06,True,PASS
time_only,pooled_centered_clean,,2.595164440495424e-05,8.200750677422874e-07,True,PASS
time_only,absolute_gap,0.0,0.00014028698800006557,3.648323100174933e-05,True,PASS
time_only,relative_gap_contrast,0.0,0.0007076035264851163,0.00024732274570010704,True,PASS
time_only,phase_envelope,0.0,0.0007076035264851163,0.00024732274570010704,True,PASS
time_only,raw_total,0.0,0.00012695010658472772,3.9571573845154084e-05,True,PASS
time_only,absolute_gap,0.25,0.0009582037723431901,0.00021083951469851037,True,PASS
time_only,relative_gap_contrast,0.25,0.0,0.0,True,PASS
time_only,phase_envelope,0.25,0.0,0.0,True,PASS
time_only,raw_total,0.25,0.0008507440033798931,0.0002220514469938456,True,PASS
time_only,absolute_gap,0.35,0.0012679537435812108,0.00027628574517703924,True,PASS
time_only,relative_gap_contrast,0.35,0.00018775259620941047,6.544623047864684e-05,True,PASS
time_only,phase_envelope,0.35,0.00018775259620941047,6.544623047864684e-05,True,PASS
time_only,raw_total,0.35,0.0010383419892688289,0.00027159627175324386,True,PASS
time_only,absolute_gap,0.5,0.0016252843719396944,0.00034928266218658965,True,PASS
time_only,relative_gap_contrast,0.5,0.00039856779685008413,0.00013844314748823194,True,PASS
time_only,phase_envelope,0.5,0.00039856779685008413,0.00013844314748823194,True,PASS
time_only,raw_total,0.5,0.0010971026833851633,0.0002811102814397892,True,PASS
time_only,absolute_gap,0.65,0.0018339553702194124,0.0003854419560717637,True,PASS
time_only,relative_gap_contrast,0.65,0.0005053910765127406,0.00017460244137323944,True,PASS
time_only,phase_envelope,0.65,0.0005053910765127406,0.00017460244137323944,True,PASS
time_only,raw_total,0.65,0.0009175891001749906,0.0002202583807729419,True,PASS
time_only,absolute_gap,0.75,0.0018748105672810884,0.0003837376084692701,True,PASS
time_only,relative_gap_contrast,0.75,0.0005033984975877609,0.00017289809377085685,True,PASS
time_only,phase_envelope,0.75,0.0005033984975877609,0.00017289809377085685,True,PASS
time_only,raw_total,0.75,0.0007283068258061793,0.00015975779366034226,True,PASS
time_only,absolute_gap,0.9,0.0017745135282536404,0.0003374227302139765,True,PASS
time_only,relative_gap_contrast,0.9,0.0003754322591863884,0.00012658321551539675,True,PASS
time_only,phase_envelope,0.9,1.967700735570991e-05,1.5681936099687377e-06,True,PASS
time_only,raw_total,0.9,0.00045495694790822556,7.386433350187183e-05,True,PASS
time_only,absolute_gap,1.0,0.0016068339136065973,0.000279361153281088,True,PASS
time_only,relative_gap_contrast,1.0,0.00021510994615281466,6.852163858284133e-05,True,PASS
time_only,phase_envelope,1.0,1.967700735570991e-05,1.5681936099687377e-06,True,PASS
time_only,raw_total,1.0,0.0003184086057294735,3.143083340462205e-05,True,PASS
time_only,absolute_gap,1.1,0.0013827555139206546,0.00020614598789392424,True,PASS
time_only,relative_gap_contrast,1.1,8.297691745820031e-05,4.693526804433468e-06,True,PASS
time_only,phase_envelope,1.1,1.967700735570991e-05,1.5681936099687377e-06,True,PASS
time_only,raw_total,1.1,0.00023332934417331095,2.671527331798984e-06,True,PASS
time_only,absolute_gap,1.5,0.0006384214059279226,5.813105393148721e-05,True,PASS
time_only,relative_gap_contrast,1.5,0.0007371661709972729,0.000268970568630178,True,PASS
time_only,phase_envelope,1.5,1.967700735570991e-05,1.5681936099687377e-06,True,PASS
time_only,raw_total,1.5,8.879545206647789e-05,2.7068770737770365e-05,True,PASS
time_only,absolute_gap,2.5,0.00014093959977029587,5.236176624201505e-05,True,PASS
time_only,relative_gap_contrast,2.5,0.0007517836089626124,0.0002632012809404838,True,PASS
time_only,phase_envelope,2.5,1.967700735570991e-05,1.5681936099687377e-06,True,PASS
time_only,raw_total,2.5,3.003418114770258e-05,8.595040590808622e-06,True,PASS
spectrum_only,pooled_tail_completed_clean,,8.224705795826941e-08,3.1708267345109675e-08,True,PASS
spectrum_only,pooled_centered_clean,,1.139177776855558e-07,4.1712331144694303e-08,True,PASS
spectrum_only,absolute_gap,0.0,1.0274769559264816e-08,4.334731018573734e-09,True,PASS
spectrum_only,relative_gap_contrast,0.0,6.68808053431915e-09,2.328660930750459e-09,True,PASS
spectrum_only,phase_envelope,0.0,6.68808053431915e-09,2.328660930750459e-09,True,PASS
spectrum_only,raw_total,0.0,1.287541160019048e-08,5.01526009610842e-09,True,PASS
spectrum_only,absolute_gap,0.25,1.6376881914614804e-08,6.663392053407602e-09,True,PASS
spectrum_only,relative_gap_contrast,0.25,0.0,0.0,True,PASS
spectrum_only,phase_envelope,0.25,0.0,0.0,True,PASS
spectrum_only,raw_total,0.25,2.43411391851705e-08,9.38980550257984e-09,True,PASS
spectrum_only,absolute_gap,0.35,1.9591498272688708e-08,7.86226893312314e-09,True,PASS
spectrum_only,relative_gap_contrast,0.35,3.497464176281435e-09,1.1988769282877954e-09,True,PASS
spectrum_only,phase_envelope,0.35,3.497464176281435e-09,1.1988769282877954e-09,True,PASS
spectrum_only,raw_total,0.35,3.129197912790295e-08,1.204081223615816e-08,True,PASS
spectrum_only,absolute_gap,0.5,2.564369527409708e-08,1.0090952962116262e-08,True,PASS
spectrum_only,relative_gap_contrast,0.5,1.0025122417574181e-08,3.427560846258615e-09,True,PASS
spectrum_only,phase_envelope,0.5,1.0025122417574181e-08,3.427560846258615e-09,True,PASS
spectrum_only,raw_total,0.5,4.416391310360733e-08,1.69225091717351e-08,True,PASS
spectrum_only,absolute_gap,0.65,3.355680276184649e-08,1.2962603379573778e-08,True,PASS
spectrum_only,relative_gap_contrast,0.65,1.8471219626782422e-08,6.299211374738434e-09,True,PASS
spectrum_only,phase_envelope,0.65,1.8471219626782422e-08,6.299211374738434e-09,True,PASS
spectrum_only,raw_total,0.65,5.7842256617166024e-08,2.210957017467763e-08,True,PASS
spectrum_only,absolute_gap,0.75,4.001494998545556e-08,1.52796758023932e-08,True,PASS
spectrum_only,relative_gap_contrast,0.75,2.531230193546576e-08,8.616283742046704e-09,True,PASS
spectrum_only,phase_envelope,0.75,2.531230193546576e-08,8.616283742046704e-09,True,PASS
spectrum_only,raw_total,0.75,6.57498594223396e-08,2.5153003624378556e-08,True,PASS
spectrum_only,absolute_gap,0.9,5.137300982515817e-08,1.9321817146256137e-08,True,PASS
spectrum_only,relative_gap_contrast,0.9,3.7275336011654574e-08,1.2658424974887339e-08,True,PASS
spectrum_only,phase_envelope,0.9,8.361395148376478e-08,3.170826723408737e-08,True,PASS
spectrum_only,raw_total,0.9,7.430906656135292e-08,2.8553500563965883e-08,True,PASS
spectrum_only,absolute_gap,1.0,5.969344976257281e-08,2.2279426525884105e-08,True,PASS
spectrum_only,relative_gap_contrast,1.0,4.601088235475021e-08,1.561603446553761e-08,True,PASS
spectrum_only,phase_envelope,1.0,8.361395148376478e-08,3.170826723408737e-08,True,PASS
spectrum_only,raw_total,1.0,7.78651113598922e-08,3.0032472397856225e-08,True,PASS
spectrum_only,absolute_gap,1.1,6.80815667059681e-08,2.5283658722230484e-08,True,PASS
spectrum_only,relative_gap_contrast,1.1,5.48153909552519e-08,1.8620266883928593e-08,True,PASS
spectrum_only,phase_envelope,1.1,8.361395148376478e-08,3.170826723408737e-08,True,PASS
spectrum_only,raw_total,1.1,8.011906248706167e-08,3.100901002639489e-08,True,PASS
spectrum_only,absolute_gap,1.5,9.286119324128074e-08,3.471423548617736e-08,True,PASS
spectrum_only,relative_gap_contrast,1.5,8.112768767938001e-08,2.805084331480856e-08,True,PASS
spectrum_only,phase_envelope,1.5,8.361395148376478e-08,3.170826723408737e-08,True,PASS
spectrum_only,raw_total,1.5,8.29131128938589e-08,3.2310139674862626e-08,True,PASS
spectrum_only,absolute_gap,2.5,1.0245632156326541e-07,3.955644345410292e-08,True,PASS
spectrum_only,relative_gap_contrast,2.5,9.259664632901734e-08,3.2893051060689515e-08,True,PASS
spectrum_only,phase_envelope,2.5,8.361395148376478e-08,3.170826723408737e-08,True,PASS
spectrum_only,raw_total,2.5,8.293376319741247e-08,3.2278978712163564e-08,True,PASS
display_only_joint,absolute_gap,2.0,0.00030968124676061646,9.905229245998903e-05,False,PASS
display_only_joint,relative_gap_contrast,2.0,0.0008673734847963005,0.0003098984656989545,False,PASS
display_only_joint,phase_envelope,2.0,1.9604771703593433e-05,1.5364893353186915e-06,False,PASS
display_only_joint,raw_total,2.0,3.187725111225561e-05,1.5575136648737775e-05,False,PASS
display_only_time_only,absolute_gap,2.0,0.0003096937480521923,9.909105003691465e-05,False,PASS
display_only_time_only,relative_gap_contrast,2.0,0.0008674643073438322,0.0003099305647353834,False,PASS
display_only_time_only,phase_envelope,2.0,1.967700735570991e-05,1.5681936099687377e-06,False,PASS
display_only_time_only,raw_total,2.0,3.1879716697958675e-05,1.5607492551916735e-05,False,PASS
display_only_spectrum_only,absolute_gap,2.0,1.0136019119989101e-07,3.876276388758981e-08,False,PASS
display_only_spectrum_only,relative_gap_contrast,2.0,9.090390406494012e-08,3.209937182724332e-08,False,PASS
display_only_spectrum_only,phase_envelope,2.0,8.361395148376478e-08,3.170826723408737e-08,False,PASS
display_only_spectrum_only,raw_total,2.0,8.304061966375e-08,3.235936774093062e-08,False,PASS
