regime,alpha,beta,width,level,density_points,max_m_residual,max_m_iterations,kernel_mode_count,forcing_mode_count,raw_trace_mass_relative_error,raw_target_mass_relative_error,raw_trace_first_moment_relative_error,raw_target_first_moment_relative_error,trace_mass_identity_error,target_mass_identity_error
FB1,0.2,0.4,128,1,80001,9.999065253847201e-13,32,52,52,4.754845694954213e-08,7.016204630064567e-07,1.1464460855277681e-07,1.4556410176925504e-06,1.4210854715202004e-14,4.440892098500626e-16
FB1,0.2,0.4,128,2,123000,9.999065253847201e-13,48,52,52,3.742608445378437e-10,1.9235280667278542e-07,3.0005453925913207e-08,4.0985310015654847e-07,0.0,4.440892098500626e-16
FB1,0.2,0.4,256,1,80001,9.999989004344883e-13,32,102,103,9.542275636320596e-09,3.6942327656529026e-07,8.551727751378402e-08,8.208995462903677e-07,1.1368683772161603e-13,0.0
FB1,0.2,0.4,256,2,123844,9.999989004344883e-13,46,102,102,5.002992242708615e-09,2.6060899080868013e-07,1.870068365997209e-09,5.852636446119229e-07,5.684341886080802e-14,8.881784197001252e-16
FB1,0.2,0.4,512,1,80001,9.999726519471086e-13,32,206,209,8.692695896428404e-08,3.1089572021414733e-06,3.115696186373524e-07,5.183751357395955e-06,0.0,0.0
FB1,0.2,0.4,512,2,124637,9.999726519471086e-13,48,206,209,7.976412419452572e-09,1.3892363342797213e-06,6.740206853911253e-08,2.5847743685996917e-06,0.0,0.0
FB2,0.12,0.65,128,1,80001,9.999708523073326e-13,33,50,50,3.720500152404327e-08,4.290698522773398e-07,6.739254395196839e-08,8.184165038889792e-07,0.0,4.440892098500626e-16
FB2,0.12,0.65,128,2,120236,9.999708523073326e-13,48,50,50,1.8276870017430724e-08,2.400751158034792e-07,3.703481620660664e-08,4.60293989797303e-07,2.842170943040401e-14,4.440892098500626e-16
FB2,0.12,0.65,256,1,80001,9.999794071157202e-13,43,98,98,7.728828388398057e-08,1.9357231744727663e-06,1.2445927213708577e-07,3.469078679191197e-06,2.842170943040401e-14,4.440892098500626e-16
FB2,0.12,0.65,256,2,121080,9.999794071157202e-13,47,98,98,1.5639170181103168e-08,6.914113196876911e-08,4.7078257331338805e-09,1.1490215122553884e-07,2.842170943040401e-14,0.0
FB2,0.12,0.65,512,1,80001,9.999708523073326e-13,32,196,196,3.249369173730088e-08,2.721056764472012e-06,7.863638921279732e-08,4.61115629697745e-06,0.0,0.0
FB2,0.12,0.65,512,2,121939,9.999708523073326e-13,46,196,196,1.4051010355231597e-09,6.959732055946435e-07,1.8789569079818872e-08,1.1812429558511179e-06,0.0,4.440892098500626e-16
