regime,alpha,beta,p,q_clean,width,ambient_dimension,eta,theta,schedule_label,maximum_intrinsic_time,horizon,finite_de_total_relative_l2,finite_de_gap_relative_l2,de_resolution_total_relative_l2,de_resolution_gap_relative_l2,modal_recurrence_relative_error,maximum_exact_pointwise_product,maximum_exact_row_mass,maximum_de_pointwise_product,maximum_de_row_mass,true_finite_total_relative_l2,true_finite_gap_relative_l2,true_de_total_relative_l2,true_de_gap_relative_l2,display_finite_de_total_relative_l2,display_finite_de_gap_relative_l2
FB1,0.2,0.4,0.20000000000000018,0.5000000000000004,128,256,0.04352752816480621,0.0,linear accumulation,2.870717669738085,66,0.023280771007415362,0.00739647512701142,1.3907034613704933e-08,2.410853338890864e-08,2.2526354550834575e-16,0.0710801939384891,0.05597382905439801,0.07449011434882,0.05539071439597454,,,,,,
FB1,0.2,0.4,0.20000000000000018,0.5000000000000004,128,256,0.04352752816480621,1.0,logarithmic accumulation,2.870717669738085,66,0.031947077262427154,0.007159793947672387,1.0845725041266315e-08,3.097170520719466e-08,1.1263177275417288e-16,0.0710801939384891,0.025689508238649995,0.07449011434882,0.025326973381104758,,,,,,
FB1,0.2,0.4,0.20000000000000018,0.5000000000000004,128,256,0.04352752816480621,2.0,summable injection,2.870717669738085,66,0.03666294035371725,0.0071880606843807435,1.1722830311762507e-08,4.086465040537241e-08,1.1263177275417288e-16,0.0710801939384891,0.018166081830909883,0.07449011434882,0.01785869006858963,,,,,,
FB1,0.2,0.4,0.20000000000000018,0.5000000000000004,256,512,0.02871745887492588,0.0,linear accumulation,3.314442840463065,116,0.004479008222491655,0.0032812551417406573,5.195730027032805e-09,7.973444438562749e-09,2.1371044098818778e-16,0.04217975939432443,0.05435647873366255,0.04640604995903516,0.05408945148349973,,,,,,
FB1,0.2,0.4,0.20000000000000018,0.5000000000000004,256,512,0.02871745887492588,1.0,logarithmic accumulation,3.314442840463065,116,0.006407232713217753,0.0031736399365922562,7.435912643796113e-09,1.2014681897982013e-08,2.1371044098818778e-16,0.04217975939432443,0.0228719209471567,0.04640604995903516,0.022736215230788902,,,,,,
FB1,0.2,0.4,0.20000000000000018,0.5000000000000004,256,512,0.02871745887492588,2.0,summable injection,3.314442840463065,116,0.007383806248272799,0.0033126826753237058,8.130475981594964e-09,1.6531124335873697e-08,2.1371044098818778e-16,0.04217975939432443,0.015512166393130742,0.04640604995903516,0.01541042732822223,,,,,,
FB1,0.2,0.4,0.20000000000000018,0.5000000000000004,512,1024,0.01894645708137998,0.0,linear accumulation,3.887496486929419,206,0.008194819283083644,0.0027296809607258114,2.073240693954794e-07,4.738176383155325e-08,2.0456906319324163e-16,0.026274568642586107,0.05281736781323107,0.02761720141745801,0.052789154446614125,0.0017289081394905072,0.003487209849692804,0.0070937509176350454,0.004787246359068908,0.005986420556895883,0.0016858810605030134
FB1,0.2,0.4,0.20000000000000018,0.5000000000000004,512,1024,0.01894645708137998,1.0,logarithmic accumulation,3.887496486929419,206,0.010304766531618654,0.0026242251481119914,2.8169222414436967e-07,5.974301742089282e-08,2.0456906319324163e-16,0.026274568642586107,0.020327997369999358,0.02761720141745801,0.020309237170067128,0.0010207447815698929,0.002189522227029852,0.006293900077330662,0.0018702964312567677,0.006795921829403304,0.0016805877025778018
FB1,0.2,0.4,0.20000000000000018,0.5000000000000004,512,1024,0.01894645708137998,2.0,summable injection,3.887496486929419,206,0.011392334067112713,0.002683560781528637,3.141756343699503e-07,7.89643356112254e-08,2.0456906319324163e-16,0.026274568642586107,0.013188868731058321,0.02761720141745801,0.013166577474062054,0.0013024355237936196,0.005613076354795552,0.00747724453547189,0.007162860039160595,0.007173441299601421,0.0016807003997052253
FB2,0.12,0.65,0.54,2.2500000000000004,128,256,0.02002674693974055,0.0,linear accumulation,1.3207994740618019,66,0.014099288830466341,0.0052107979642609156,2.7284734766731048e-09,5.044284268297443e-09,1.7554633213253368e-16,0.04548076951508636,0.04894791595712685,0.046722859793206964,0.04847190345444691,,,,,,
FB2,0.12,0.65,0.54,2.2500000000000004,128,256,0.02002674693974055,1.0,logarithmic accumulation,1.3207994740618019,66,0.018142933089628468,0.005146305697342116,1.997747255459864e-09,5.232766846781838e-09,3.6845408614606314e-16,0.04548076951508636,0.02824091340179375,0.046722859793206964,0.027924984991476224,,,,,,
FB2,0.12,0.65,0.54,2.2500000000000004,128,256,0.02002674693974055,2.0,summable injection,1.3207994740618019,66,0.021047898543461105,0.005113662619175237,1.7206581409195867e-09,5.811735916872219e-09,1.8517087262129621e-16,0.04548076951508636,0.02116212249418222,0.046722859793206964,0.020883964825980525,,,,,,
FB2,0.12,0.65,0.54,2.2500000000000004,256,512,0.01182572058406995,0.0,linear accumulation,1.3648726753261,116,0.006278194712455721,0.0018291370914564789,3.897026038769561e-08,2.1552306206354734e-08,1.8479115221285826e-16,0.02388547556973765,0.04716063134264908,0.02451842934033585,0.04689259114188488,,,,,,
FB2,0.12,0.65,0.54,2.2500000000000004,256,512,0.01182572058406995,1.0,logarithmic accumulation,1.3648726753261,116,0.007738904662822115,0.0017778121289480152,5.3486813900707716e-08,2.2209072743727585e-08,1.8479115221285826e-16,0.02388547556973765,0.026486208118057637,0.02451842934033585,0.026323204357706576,,,,,,
FB2,0.12,0.65,0.54,2.2500000000000004,256,512,0.01182572058406995,2.0,summable injection,1.3648726753261,116,0.008727570307696261,0.0017711203888727872,6.317002072035129e-08,2.4563984733569892e-08,1.8479115221285826e-16,0.02388547556973765,0.01944337156170642,0.02451842934033585,0.01931518669116368,,,,,,
FB2,0.12,0.65,0.54,2.2500000000000004,512,1024,0.0069830446129513744,0.0,linear accumulation,1.4328041007518348,206,0.007267722202233092,0.00223903520486127,1.4406603677128931e-07,1.4079491794197112e-08,1.8327443214332535e-16,0.013090755276674181,0.045439022988916916,0.013133674311542231,0.045373361775878474,0.001357557068856356,0.002592775546161168,0.004367135396175284,0.0025307957697006,0.0034729759655151406,0.002296037524464717
FB2,0.12,0.65,0.54,2.2500000000000004,512,1024,0.0069830446129513744,1.0,logarithmic accumulation,1.4328041007518348,206,0.009076875154572495,0.002186149823788548,1.7596693179202585e-07,1.4806009636076834e-08,3.665488642866507e-16,0.013090755276674181,0.024889090100986142,0.013133674311542231,0.024848333685478754,0.0007635606212202266,0.0016311431368295074,0.004503463561713506,0.002406026131321074,0.004350069656685354,0.002261406413177567
FB2,0.12,0.65,0.54,2.2500000000000004,512,1024,0.0069830446129513744,2.0,summable injection,1.4328041007518348,206,0.010308831604069906,0.002166426962614077,1.9687984459651365e-07,1.6751587091989198e-08,1.8327443214332535e-16,0.013090755276674181,0.017811247910460206,0.013133674311542231,0.017781627140287717,0.001195537776025421,0.0028682772520943257,0.006013903467694099,0.0021209825720980174,0.004998894853682884,0.0022466043529037224
