regime,width,feature_seed,theta,response,trajectory_count,common_random_seed_within_regime,relative_l2_error,fraction_within_three_standard_errors,maximum_standardized_error,passed,status
LM,128,11,0.25,stability_boundary,1024,70000,0.006797849550015026,1.0,2.6046281887684186,True,PASS
LM,128,11,0.5,changed,1024,70000,0.00850091660500167,0.9948717948717949,3.1512086209883785,True,PASS
LM,128,11,0.75,critical,1024,70000,0.01200610315232858,1.0,2.781592169917233,True,PASS
LM,128,11,0.9,preserved,1024,70000,0.009032109472890324,1.0,2.2938197585639153,True,PASS
LM,128,11,1.0,memory_ceiling_boundary,1024,70000,0.010396077342513308,1.0,2.448796333455627,True,PASS
IM,128,11,0.0,stability_boundary,1024,71000,0.01711108932733492,1.0,2.718790728067029,True,PASS
IM,128,11,0.25,changed,1024,71000,0.015263104248654846,1.0,2.6394929522536374,True,PASS
IM,128,11,0.5,critical,1024,71000,0.016057678182052827,0.9897435897435898,3.199049219000776,True,PASS
IM,128,11,0.75,preserved,1024,71000,0.019649426455494456,0.9897435897435898,3.0468557078765692,True,PASS
IM,128,11,1.1666666666666667,memory_ceiling_boundary,1024,71000,0.027770404080542314,1.0,2.319914186199756,True,PASS
