layer,regime,theta,observable,refinement,refinement_axis,reference_spectral_cutoff,candidate_spectral_cutoff,nominal_window_curve_relative_l2,nominal_window_exponent_difference,curve_tolerance,slope_tolerance,status
B_fixed_infinite_spectrum,LM,0.2,noise_gap,time_only_2x,time_grid,1000000000000,1000000000000,0.00028262344539582387,5.295799351572039e-05,0.02,0.025,PASS
B_fixed_infinite_spectrum,LM,0.2,noise_gap,spectral_only_2x,bin_width,1000000000000,1000000000000,1.8828869034364613e-06,4.7636734387679347e-07,0.02,0.025,PASS
B_fixed_infinite_spectrum,LM,0.2,noise_gap,combined_2x,time_grid_and_bin_width,1000000000000,1000000000000,0.0002844820789582632,5.3434332836735376e-05,0.02,0.025,PASS
B_fixed_infinite_spectrum,LM,0.2,noise_gap,cutoff_only_100x,spectral_cutoff,1000000000000,100000000000000,1.4057897857746142e-05,4.865726261557568e-06,0.002,0.002,PASS
B_fixed_infinite_spectrum,LM,0.2,centered_total,time_only_2x,time_grid,1000000000000,1000000000000,0.0002664093436659901,4.330154559567534e-05,0.02,0.025,PASS
B_fixed_infinite_spectrum,LM,0.2,centered_total,spectral_only_2x,bin_width,1000000000000,1000000000000,1.7994160688666483e-06,4.328918303819762e-07,0.02,0.025,PASS
B_fixed_infinite_spectrum,LM,0.2,centered_total,combined_2x,time_grid_and_bin_width,1000000000000,1000000000000,0.0002681979298015177,4.37344432821854e-05,0.02,0.025,PASS
B_fixed_infinite_spectrum,LM,0.2,centered_total,cutoff_only_100x,spectral_cutoff,1000000000000,100000000000000,1.3202492337205015e-05,4.830722051360481e-06,0.002,0.002,PASS
B_fixed_infinite_spectrum,LM,0.25,noise_gap,time_only_2x,time_grid,1000000000000,1000000000000,0.00033386183922468965,6.209636661184265e-05,0.02,0.025,PASS
B_fixed_infinite_spectrum,LM,0.25,noise_gap,spectral_only_2x,bin_width,1000000000000,1000000000000,1.7931254120232696e-06,4.6479137622706945e-07,0.02,0.025,PASS
B_fixed_infinite_spectrum,LM,0.25,noise_gap,combined_2x,time_grid_and_bin_width,1000000000000,1000000000000,0.0003356275040156013,6.256116704733e-05,0.02,0.025,PASS
B_fixed_infinite_spectrum,LM,0.25,noise_gap,cutoff_only_100x,spectral_cutoff,1000000000000,100000000000000,1.3104769957086036e-05,4.991227617150151e-06,0.002,0.002,PASS
B_fixed_infinite_spectrum,LM,0.25,centered_total,time_only_2x,time_grid,1000000000000,1000000000000,0.00030560985021576827,5.163832719017134e-05,0.02,0.025,PASS
B_fixed_infinite_spectrum,LM,0.25,centered_total,spectral_only_2x,bin_width,1000000000000,1000000000000,1.6838012547850072e-06,4.133911890684405e-07,0.02,0.025,PASS
B_fixed_infinite_spectrum,LM,0.25,centered_total,combined_2x,time_grid_and_bin_width,1000000000000,1000000000000,0.00030728513976742346,5.205176792876312e-05,0.02,0.025,PASS
B_fixed_infinite_spectrum,LM,0.25,centered_total,cutoff_only_100x,spectral_cutoff,1000000000000,100000000000000,1.1960499431622115e-05,4.923388941280651e-06,0.002,0.002,PASS
B_fixed_infinite_spectrum,LM,0.3,noise_gap,time_only_2x,time_grid,1000000000000,1000000000000,0.00037479863848570476,6.982898424715174e-05,0.02,0.025,PASS
B_fixed_infinite_spectrum,LM,0.3,noise_gap,spectral_only_2x,bin_width,1000000000000,1000000000000,1.7119108662576927e-06,4.560739301009975e-07,0.02,0.025,PASS
B_fixed_infinite_spectrum,LM,0.3,noise_gap,combined_2x,time_grid_and_bin_width,1000000000000,1000000000000,0.0003764796200291926,7.028510461467956e-05,0.02,0.025,PASS
B_fixed_infinite_spectrum,LM,0.3,noise_gap,cutoff_only_100x,spectral_cutoff,1000000000000,100000000000000,1.2188385624464616e-05,5.152093521617121e-06,0.002,0.002,PASS
B_fixed_infinite_spectrum,LM,0.3,centered_total,time_only_2x,time_grid,1000000000000,1000000000000,0.00033039303776405215,5.866597828550757e-05,0.02,0.025,PASS
B_fixed_infinite_spectrum,LM,0.3,centered_total,spectral_only_2x,bin_width,1000000000000,1000000000000,1.5753034934452992e-06,3.9500971296679843e-07,0.02,0.025,PASS
B_fixed_infinite_spectrum,LM,0.3,centered_total,combined_2x,time_grid_and_bin_width,1000000000000,1000000000000,0.0003319625756885059,5.906108189462911e-05,0.02,0.025,PASS
B_fixed_infinite_spectrum,LM,0.3,centered_total,cutoff_only_100x,spectral_cutoff,1000000000000,100000000000000,1.0717931598798447e-05,5.03133062601524e-06,0.002,0.002,PASS
B_fixed_infinite_spectrum,LM,0.35,noise_gap,time_only_2x,time_grid,1000000000000,1000000000000,0.00040699286170692463,7.672660964276601e-05,0.02,0.025,PASS
B_fixed_infinite_spectrum,LM,0.35,noise_gap,spectral_only_2x,bin_width,1000000000000,1000000000000,1.6370855923404342e-06,4.4915412551749245e-07,0.02,0.025,PASS
B_fixed_infinite_spectrum,LM,0.35,noise_gap,combined_2x,time_grid_and_bin_width,1000000000000,1000000000000,0.0004085956130244755,7.717584618667506e-05,0.02,0.025,PASS
B_fixed_infinite_spectrum,LM,0.35,noise_gap,cutoff_only_100x,spectral_cutoff,1000000000000,100000000000000,1.1294518998391949e-05,5.344562046191714e-06,0.002,0.002,PASS
B_fixed_infinite_spectrum,LM,0.35,centered_total,time_only_2x,time_grid,1000000000000,1000000000000,0.000342319000945095,6.49457271606757e-05,0.02,0.025,PASS
B_fixed_infinite_spectrum,LM,0.35,centered_total,spectral_only_2x,bin_width,1000000000000,1000000000000,1.4747037247770807e-06,3.761458181456012e-07,0.02,0.025,PASS
B_fixed_infinite_spectrum,LM,0.35,centered_total,combined_2x,time_grid_and_bin_width,1000000000000,1000000000000,0.00034379073468762927,6.532200939249333e-05,0.02,0.025,PASS
B_fixed_infinite_spectrum,LM,0.35,centered_total,cutoff_only_100x,spectral_cutoff,1000000000000,100000000000000,9.479873537917653e-06,5.140487521204662e-06,0.002,0.002,PASS
B_fixed_infinite_spectrum,LM,0.4,noise_gap,time_only_2x,time_grid,1000000000000,1000000000000,0.0004315073819123862,8.29839321731668e-05,0.02,0.025,PASS
B_fixed_infinite_spectrum,LM,0.4,noise_gap,spectral_only_2x,bin_width,1000000000000,1000000000000,1.5683765012639923e-06,4.433671952630558e-07,0.02,0.025,PASS
B_fixed_infinite_spectrum,LM,0.4,noise_gap,combined_2x,time_grid_and_bin_width,1000000000000,1000000000000,0.00043303820437663764,8.342741539552057e-05,0.02,0.025,PASS
B_fixed_infinite_spectrum,LM,0.4,noise_gap,cutoff_only_100x,spectral_cutoff,1000000000000,100000000000000,1.0425122290396806e-05,5.567331006067766e-06,0.002,0.002,PASS
B_fixed_infinite_spectrum,LM,0.4,centered_total,time_only_2x,time_grid,1000000000000,1000000000000,0.000342994816390708,7.057840341970212e-05,0.02,0.025,PASS
B_fixed_infinite_spectrum,LM,0.4,centered_total,spectral_only_2x,bin_width,1000000000000,1000000000000,1.3850180109421875e-06,3.5542843654368106e-07,0.02,0.025,PASS
B_fixed_infinite_spectrum,LM,0.4,centered_total,combined_2x,time_grid_and_bin_width,1000000000000,1000000000000,0.00034437895768432876,7.09340066724351e-05,0.02,0.025,PASS
B_fixed_infinite_spectrum,LM,0.4,centered_total,cutoff_only_100x,spectral_cutoff,1000000000000,100000000000000,8.271882025689098e-06,5.235164110911628e-06,0.002,0.002,PASS
B_fixed_infinite_spectrum,LM,0.45,noise_gap,time_only_2x,time_grid,1000000000000,1000000000000,0.00044927168667138555,8.86053488940719e-05,0.02,0.025,PASS
B_fixed_infinite_spectrum,LM,0.45,noise_gap,spectral_only_2x,bin_width,1000000000000,1000000000000,1.5064416413068966e-06,4.38292100363169e-07,0.02,0.025,PASS
B_fixed_infinite_spectrum,LM,0.45,noise_gap,combined_2x,time_grid_and_bin_width,1000000000000,1000000000000,0.0004507375698597298,8.90437875923078e-05,0.02,0.025,PASS
B_fixed_infinite_spectrum,LM,0.45,noise_gap,cutoff_only_100x,spectral_cutoff,1000000000000,100000000000000,9.590342307222101e-06,5.820754605645462e-06,0.002,0.002,PASS
B_fixed_infinite_spectrum,LM,0.45,centered_total,time_only_2x,time_grid,1000000000000,1000000000000,0.0003343545345134383,7.533768744469316e-05,0.02,0.025,PASS
B_fixed_infinite_spectrum,LM,0.45,centered_total,spectral_only_2x,bin_width,1000000000000,1000000000000,1.3096645439699249e-06,3.3158012255340985e-07,0.02,0.025,PASS
B_fixed_infinite_spectrum,LM,0.45,centered_total,combined_2x,time_grid_and_bin_width,1000000000000,1000000000000,0.0003356639630900728,7.566947413004121e-05,0.02,0.025,PASS
B_fixed_infinite_spectrum,LM,0.45,centered_total,cutoff_only_100x,spectral_cutoff,1000000000000,100000000000000,7.126618544867758e-06,5.296655461950461e-06,0.002,0.002,PASS
B_fixed_infinite_spectrum,LM,0.5,noise_gap,time_only_2x,time_grid,1000000000000,1000000000000,0.000461185814167434,9.349440747424831e-05,0.02,0.025,PASS
B_fixed_infinite_spectrum,LM,0.5,noise_gap,spectral_only_2x,bin_width,1000000000000,1000000000000,1.4522369865457217e-06,4.336630078372039e-07,0.02,0.025,PASS
B_fixed_infinite_spectrum,LM,0.5,noise_gap,combined_2x,time_grid_and_bin_width,1000000000000,1000000000000,0.0004625946781279913,9.39282440693967e-05,0.02,0.025,PASS
B_fixed_infinite_spectrum,LM,0.5,noise_gap,cutoff_only_100x,spectral_cutoff,1000000000000,100000000000000,8.802962154852412e-06,6.106336559535963e-06,0.002,0.002,PASS
B_fixed_infinite_spectrum,LM,0.5,centered_total,time_only_2x,time_grid,1000000000000,1000000000000,0.0003185621469302414,7.871905490164366e-05,0.02,0.025,PASS
B_fixed_infinite_spectrum,LM,0.5,centered_total,spectral_only_2x,bin_width,1000000000000,1000000000000,1.251016596511556e-06,3.0342063395139007e-07,0.02,0.025,PASS
B_fixed_infinite_spectrum,LM,0.5,centered_total,combined_2x,time_grid_and_bin_width,1000000000000,1000000000000,0.0003198117166327272,7.902270439796855e-05,0.02,0.025,PASS
B_fixed_infinite_spectrum,LM,0.5,centered_total,cutoff_only_100x,spectral_cutoff,1000000000000,100000000000000,6.073487406083562e-06,5.303155329594578e-06,0.002,0.002,PASS
B_fixed_infinite_spectrum,LM,0.55,noise_gap,time_only_2x,time_grid,1000000000000,1000000000000,0.0004681126105603146,9.74968924743469e-05,0.02,0.025,PASS
B_fixed_infinite_spectrum,LM,0.55,noise_gap,spectral_only_2x,bin_width,1000000000000,1000000000000,1.40661656806052e-06,4.293151528722561e-07,0.02,0.025,PASS
B_fixed_infinite_spectrum,LM,0.55,noise_gap,combined_2x,time_grid_and_bin_width,1000000000000,1000000000000,0.00046947316670338,9.792640410949405e-05,0.02,0.025,PASS
B_fixed_infinite_spectrum,LM,0.55,noise_gap,cutoff_only_100x,spectral_cutoff,1000000000000,100000000000000,8.07475578205177e-06,6.426354924427002e-06,0.002,0.002,PASS
B_fixed_infinite_spectrum,LM,0.55,centered_total,time_only_2x,time_grid,1000000000000,1000000000000,0.0002977768684395197,7.999751492115958e-05,0.02,0.025,PASS
B_fixed_infinite_spectrum,LM,0.55,centered_total,spectral_only_2x,bin_width,1000000000000,1000000000000,1.209612967598147e-06,2.700213903583659e-07,0.02,0.025,PASS
B_fixed_infinite_spectrum,LM,0.55,centered_total,combined_2x,time_grid_and_bin_width,1000000000000,1000000000000,0.0002989821332890412,8.026777551056741e-05,0.02,0.025,PASS
B_fixed_infinite_spectrum,LM,0.55,centered_total,cutoff_only_100x,spectral_cutoff,1000000000000,100000000000000,5.132552618288157e-06,5.2317114596078795e-06,0.002,0.002,PASS
B_fixed_infinite_spectrum,LM,0.6,noise_gap,time_only_2x,time_grid,1000000000000,1000000000000,0.00047083692542452345,0.00010042133080817583,0.02,0.025,PASS
B_fixed_infinite_spectrum,LM,0.6,noise_gap,spectral_only_2x,bin_width,1000000000000,1000000000000,1.3701213290026554e-06,4.251498170182444e-07,0.02,0.025,PASS
B_fixed_infinite_spectrum,LM,0.6,noise_gap,combined_2x,time_grid_and_bin_width,1000000000000,1000000000000,0.0004721583409173248,0.00010084669538462654,0.02,0.025,PASS
B_fixed_infinite_spectrum,LM,0.6,noise_gap,cutoff_only_100x,spectral_cutoff,1000000000000,100000000000000,7.414469766709221e-06,6.783515864638989e-06,0.002,0.002,PASS
B_fixed_infinite_spectrum,LM,0.6,centered_total,time_only_2x,time_grid,1000000000000,1000000000000,0.0002739404686750964,7.83734641227607e-05,0.02,0.025,PASS
B_fixed_infinite_spectrum,LM,0.6,centered_total,spectral_only_2x,bin_width,1000000000000,1000000000000,1.1841290996513955e-06,2.3099865170683742e-07,0.02,0.025,PASS
B_fixed_infinite_spectrum,LM,0.6,centered_total,combined_2x,time_grid_and_bin_width,1000000000000,1000000000000,0.0002751163342369914,7.860469915954571e-05,0.02,0.025,PASS
B_fixed_infinite_spectrum,LM,0.6,centered_total,cutoff_only_100x,spectral_cutoff,1000000000000,100000000000000,4.3127689377759244e-06,5.062858636051271e-06,0.002,0.002,PASS
B_fixed_infinite_spectrum,LM,0.65,noise_gap,time_only_2x,time_grid,1000000000000,1000000000000,0.0004700313991426595,0.00010204960926002427,0.02,0.025,PASS
B_fixed_infinite_spectrum,LM,0.65,noise_gap,spectral_only_2x,bin_width,1000000000000,1000000000000,1.3429121770467944e-06,4.211099164930232e-07,0.02,0.025,PASS
B_fixed_infinite_spectrum,LM,0.65,noise_gap,combined_2x,time_grid_and_bin_width,1000000000000,1000000000000,0.00047132290651337905,0.00010247094704857185,0.02,0.025,PASS
B_fixed_infinite_spectrum,LM,0.65,noise_gap,cutoff_only_100x,spectral_cutoff,1000000000000,100000000000000,6.827084191453236e-06,7.180561598985058e-06,0.002,0.002,PASS
B_fixed_infinite_spectrum,LM,0.65,centered_total,time_only_2x,time_grid,1000000000000,1000000000000,0.00024865631768060186,7.324383580725735e-05,0.02,0.025,PASS
B_fixed_infinite_spectrum,LM,0.65,centered_total,spectral_only_2x,bin_width,1000000000000,1000000000000,1.1719205321431423e-06,1.86848923333649e-07,0.02,0.025,PASS
B_fixed_infinite_spectrum,LM,0.65,centered_total,combined_2x,time_grid_and_bin_width,1000000000000,1000000000000,0.0002498159663685259,7.343090649963857e-05,0.02,0.025,PASS
B_fixed_infinite_spectrum,LM,0.65,centered_total,cutoff_only_100x,spectral_cutoff,1000000000000,100000000000000,3.6132905894897577e-06,4.787368191316865e-06,0.002,0.002,PASS
B_fixed_infinite_spectrum,LM,0.7,noise_gap,time_only_2x,time_grid,1000000000000,1000000000000,0.00046624310474974444,0.00010214560175003662,0.02,0.025,PASS
B_fixed_infinite_spectrum,LM,0.7,noise_gap,spectral_only_2x,bin_width,1000000000000,1000000000000,1.3247977140017582e-06,4.1716119553170117e-07,0.02,0.025,PASS
B_fixed_infinite_spectrum,LM,0.7,noise_gap,combined_2x,time_grid_and_bin_width,1000000000000,1000000000000,0.00046751364764038774,0.00010256299821032044,0.02,0.025,PASS
B_fixed_infinite_spectrum,LM,0.7,noise_gap,cutoff_only_100x,spectral_cutoff,1000000000000,100000000000000,6.313939835136016e-06,7.619775021061592e-06,0.002,0.002,PASS
B_fixed_infinite_spectrum,LM,0.7,centered_total,time_only_2x,time_grid,1000000000000,1000000000000,0.00022315952718005908,6.453248161614189e-05,0.02,0.025,PASS
B_fixed_infinite_spectrum,LM,0.7,centered_total,spectral_only_2x,bin_width,1000000000000,1000000000000,1.169774063740575e-06,1.391259978333892e-07,0.02,0.025,PASS
B_fixed_infinite_spectrum,LM,0.7,centered_total,combined_2x,time_grid_and_bin_width,1000000000000,1000000000000,0.0002243137670739185,6.467180735331146e-05,0.02,0.025,PASS
B_fixed_infinite_spectrum,LM,0.7,centered_total,cutoff_only_100x,spectral_cutoff,1000000000000,100000000000000,3.0262272403309663e-06,4.412397092756759e-06,0.002,0.002,PASS
B_fixed_infinite_spectrum,LM,0.75,noise_gap,time_only_2x,time_grid,1000000000000,1000000000000,0.0004599004101829573,0.00010046762998394687,0.02,0.025,PASS
B_fixed_infinite_spectrum,LM,0.75,noise_gap,spectral_only_2x,bin_width,1000000000000,1000000000000,1.3153101515345684e-06,4.1327613725661294e-07,0.02,0.025,PASS
B_fixed_infinite_spectrum,LM,0.75,noise_gap,combined_2x,time_grid_and_bin_width,1000000000000,1000000000000,0.00046115836919819885,0.00010088114253198333,0.02,0.025,PASS
B_fixed_infinite_spectrum,LM,0.75,noise_gap,cutoff_only_100x,spectral_cutoff,1000000000000,100000000000000,5.873342006785836e-06,8.102345089522345e-06,0.002,0.002,PASS
B_fixed_infinite_spectrum,LM,0.75,centered_total,time_only_2x,time_grid,1000000000000,1000000000000,0.00019834596507620092,5.289716009571066e-05,0.02,0.025,PASS
B_fixed_infinite_spectrum,LM,0.75,centered_total,spectral_only_2x,bin_width,1000000000000,1000000000000,1.1745470456417022e-06,9.025462766043546e-08,0.02,0.025,PASS
B_fixed_infinite_spectrum,LM,0.75,centered_total,combined_2x,time_grid_and_bin_width,1000000000000,1000000000000,0.00019950299551865357,5.298759142330356e-05,0.02,0.025,PASS
B_fixed_infinite_spectrum,LM,0.75,centered_total,cutoff_only_100x,spectral_cutoff,1000000000000,100000000000000,2.5395722154874813e-06,3.962912070887281e-06,0.002,0.002,PASS
B_fixed_infinite_spectrum,LM,0.8,noise_gap,time_only_2x,time_grid,1000000000000,1000000000000,0.0004513330712570979,9.678940557611426e-05,0.02,0.025,PASS
B_fixed_infinite_spectrum,LM,0.8,noise_gap,spectral_only_2x,bin_width,1000000000000,1000000000000,1.3137938027427486e-06,4.094192845305322e-07,0.02,0.025,PASS
B_fixed_infinite_spectrum,LM,0.8,noise_gap,combined_2x,time_grid_and_bin_width,1000000000000,1000000000000,0.0004525860791496776,9.719905574206988e-05,0.02,0.025,PASS
B_fixed_infinite_spectrum,LM,0.8,noise_gap,cutoff_only_100x,spectral_cutoff,1000000000000,100000000000000,5.50134265391658e-06,8.627595958043965e-06,0.002,0.002,PASS
B_fixed_infinite_spectrum,LM,0.8,centered_total,time_only_2x,time_grid,1000000000000,1000000000000,0.00017482685301156012,3.963478826962685e-05,0.02,0.025,PASS
B_fixed_infinite_spectrum,LM,0.8,centered_total,spectral_only_2x,bin_width,1000000000000,1000000000000,1.183552704712269e-06,4.2965496938052183e-08,0.02,0.025,PASS
B_fixed_infinite_spectrum,LM,0.8,centered_total,combined_2x,time_grid_and_bin_width,1000000000000,1000000000000,0.00017599235542876097,3.967791252429409e-05,0.02,0.025,PASS
B_fixed_infinite_spectrum,LM,0.8,centered_total,cutoff_only_100x,spectral_cutoff,1000000000000,100000000000000,2.13961939162917e-06,3.4760587284132782e-06,0.002,0.002,PASS
B_fixed_infinite_spectrum,LM,0.85,noise_gap,time_only_2x,time_grid,1000000000000,1000000000000,0.0004407978193475072,9.093249872005327e-05,0.02,0.025,PASS
B_fixed_infinite_spectrum,LM,0.85,noise_gap,spectral_only_2x,bin_width,1000000000000,1000000000000,1.3194843527800286e-06,4.055341886743946e-07,0.02,0.025,PASS
B_fixed_infinite_spectrum,LM,0.85,noise_gap,combined_2x,time_grid_and_bin_width,1000000000000,1000000000000,0.0004420526546493917,9.133825134910456e-05,0.02,0.025,PASS
B_fixed_infinite_spectrum,LM,0.85,noise_gap,cutoff_only_100x,spectral_cutoff,1000000000000,100000000000000,5.192511931140228e-06,9.192148224923535e-06,0.002,0.002,PASS
B_fixed_infinite_spectrum,LM,0.85,centered_total,time_only_2x,time_grid,1000000000000,1000000000000,0.00015298730201599695,2.629443363544315e-05,0.02,0.025,PASS
B_fixed_infinite_spectrum,LM,0.85,centered_total,spectral_only_2x,bin_width,1000000000000,1000000000000,1.1947063344720458e-06,3.92623267231329e-10,0.02,0.025,PASS
B_fixed_infinite_spectrum,LM,0.85,centered_total,combined_2x,time_grid_and_bin_width,1000000000000,1000000000000,0.00015416473945519918,2.6294190574094323e-05,0.02,0.025,PASS
B_fixed_infinite_spectrum,LM,0.85,centered_total,cutoff_only_100x,spectral_cutoff,1000000000000,100000000000000,1.8126588901507583e-06,2.990803847358059e-06,0.002,0.002,PASS
B_fixed_infinite_spectrum,LM,0.9,noise_gap,time_only_2x,time_grid,1000000000000,1000000000000,0.0004285036021963416,8.281021525458065e-05,0.02,0.025,PASS
B_fixed_infinite_spectrum,LM,0.9,noise_gap,spectral_only_2x,bin_width,1000000000000,1000000000000,1.3315693599880764e-06,4.015336950713433e-07,0.02,0.025,PASS
B_fixed_infinite_spectrum,LM,0.9,noise_gap,combined_2x,time_grid_and_bin_width,1000000000000,1000000000000,0.0004297661424216322,8.321194811200527e-05,0.02,0.025,PASS
B_fixed_infinite_spectrum,LM,0.9,noise_gap,cutoff_only_100x,spectral_cutoff,1000000000000,100000000000000,4.940602159429788e-06,9.789170665297497e-06,0.002,0.002,PASS
B_fixed_infinite_spectrum,LM,0.9,centered_total,time_only_2x,time_grid,1000000000000,1000000000000,0.00013303885578205295,1.4218918669595126e-05,0.02,0.025,PASS
B_fixed_infinite_spectrum,LM,0.9,centered_total,spectral_only_2x,bin_width,1000000000000,1000000000000,1.2065142829339971e-06,3.8321408823982495e-08,0.02,0.025,PASS
B_fixed_infinite_spectrum,LM,0.9,centered_total,combined_2x,time_grid_and_bin_width,1000000000000,1000000000000,0.000134229875334937,1.418074689940596e-05,0.02,0.025,PASS
B_fixed_infinite_spectrum,LM,0.9,centered_total,cutoff_only_100x,spectral_cutoff,1000000000000,100000000000000,1.5460047326373083e-06,2.538394485496198e-06,0.002,0.002,PASS
B_fixed_infinite_spectrum,LM,0.95,noise_gap,time_only_2x,time_grid,1000000000000,1000000000000,0.0004146330915610341,7.247745991778576e-05,0.02,0.025,PASS
B_fixed_infinite_spectrum,LM,0.95,noise_gap,spectral_only_2x,bin_width,1000000000000,1000000000000,1.3492289084032124e-06,3.9729646472697056e-07,0.02,0.025,PASS
B_fixed_infinite_spectrum,LM,0.95,noise_gap,combined_2x,time_grid_and_bin_width,1000000000000,1000000000000,0.00041590830698804364,7.287492994090261e-05,0.02,0.025,PASS
B_fixed_infinite_spectrum,LM,0.95,noise_gap,cutoff_only_100x,spectral_cutoff,1000000000000,100000000000000,4.73906867452103e-06,1.0407970362003027e-05,0.002,0.002,PASS
B_fixed_infinite_spectrum,LM,0.95,centered_total,time_only_2x,time_grid,1000000000000,1000000000000,0.00011506335457895899,4.254856272312146e-06,0.02,0.025,PASS
B_fixed_infinite_spectrum,LM,0.95,centered_total,spectral_only_2x,bin_width,1000000000000,1000000000000,1.2179860365588982e-06,7.026381898533884e-08,0.02,0.025,PASS
B_fixed_infinite_spectrum,LM,0.95,centered_total,combined_2x,time_grid_and_bin_width,1000000000000,1000000000000,0.00011626821258248489,4.18474967756044e-06,0.02,0.025,PASS
B_fixed_infinite_spectrum,LM,0.95,centered_total,cutoff_only_100x,spectral_cutoff,1000000000000,100000000000000,1.3285074547109355e-06,2.1377691327151283e-06,0.002,0.002,PASS
B_fixed_infinite_spectrum,LM,1.0,noise_gap,time_only_2x,time_grid,1000000000000,1000000000000,0.0003993590667856161,6.017455066176236e-05,0.02,0.025,PASS
B_fixed_infinite_spectrum,LM,1.0,noise_gap,spectral_only_2x,bin_width,1000000000000,1000000000000,1.3716598515009157e-06,3.92672806937e-07,0.02,0.025,PASS
B_fixed_infinite_spectrum,LM,1.0,noise_gap,combined_2x,time_grid_and_bin_width,1000000000000,1000000000000,0.0004006510395768389,6.056736613457847e-05,0.02,0.025,PASS
B_fixed_infinite_spectrum,LM,1.0,noise_gap,cutoff_only_100x,spectral_cutoff,1000000000000,100000000000000,4.581446977296872e-06,1.103420421200152e-05,0.002,0.002,PASS
B_fixed_infinite_spectrum,LM,1.0,centered_total,time_only_2x,time_grid,1000000000000,1000000000000,9.904856022937791e-05,3.290626091501103e-06,0.02,0.025,PASS
B_fixed_infinite_spectrum,LM,1.0,centered_total,spectral_only_2x,bin_width,1000000000000,1000000000000,1.228523091833788e-06,9.640516918096864e-08,0.02,0.025,PASS
B_fixed_infinite_spectrum,LM,1.0,centered_total,combined_2x,time_grid_and_bin_width,1000000000000,1000000000000,0.00010026651818076555,3.386861623377868e-06,0.02,0.025,PASS
B_fixed_infinite_spectrum,LM,1.0,centered_total,cutoff_only_100x,spectral_cutoff,1000000000000,100000000000000,1.1507149326213546e-06,1.7961108941255688e-06,0.002,0.002,PASS
B_fixed_infinite_spectrum,LM,1.05,noise_gap,time_only_2x,time_grid,1000000000000,1000000000000,0.0003828555544924312,4.634798456204514e-05,0.02,0.025,PASS
B_fixed_infinite_spectrum,LM,1.05,noise_gap,spectral_only_2x,bin_width,1000000000000,1000000000000,1.3980885998095615e-06,3.87501351006847e-07,0.02,0.025,PASS
B_fixed_infinite_spectrum,LM,1.05,noise_gap,combined_2x,time_grid_and_bin_width,1000000000000,1000000000000,0.0003841675127260477,4.673559398293836e-05,0.02,0.025,PASS
B_fixed_infinite_spectrum,LM,1.05,noise_gap,cutoff_only_100x,spectral_cutoff,1000000000000,100000000000000,4.4616027492641035e-06,1.165090949017955e-05,0.002,0.002,PASS
B_fixed_infinite_spectrum,LM,1.05,centered_total,time_only_2x,time_grid,1000000000000,1000000000000,8.49167723100941e-05,8.523645292357607e-06,0.02,0.025,PASS
B_fixed_infinite_spectrum,LM,1.05,centered_total,spectral_only_2x,bin_width,1000000000000,1000000000000,1.2378129728671744e-06,1.1737228344799178e-07,0.02,0.025,PASS
B_fixed_infinite_spectrum,LM,1.05,centered_total,combined_2x,time_grid_and_bin_width,1000000000000,1000000000000,8.614643552192576e-05,8.64083323970366e-06,0.02,0.025,PASS
B_fixed_infinite_spectrum,LM,1.05,centered_total,cutoff_only_100x,spectral_cutoff,1000000000000,100000000000000,1.004818098770483e-06,1.5121824707975406e-06,0.002,0.002,PASS
B_fixed_infinite_spectrum,LM,1.1,noise_gap,time_only_2x,time_grid,1000000000000,1000000000000,0.00036530426125973466,3.163221008395389e-05,0.02,0.025,PASS
B_fixed_infinite_spectrum,LM,1.1,noise_gap,spectral_only_2x,bin_width,1000000000000,1000000000000,1.4277771297125032e-06,3.81634738477743e-07,0.02,0.025,PASS
B_fixed_infinite_spectrum,LM,1.1,noise_gap,combined_2x,time_grid_and_bin_width,1000000000000,1000000000000,0.0003666386217669847,3.201391663154585e-05,0.02,0.025,PASS
B_fixed_infinite_spectrum,LM,1.1,noise_gap,cutoff_only_100x,spectral_cutoff,1000000000000,100000000000000,4.37387842337993e-06,1.2240318009948403e-05,0.002,0.002,PASS
B_fixed_infinite_spectrum,LM,1.1,centered_total,time_only_2x,time_grid,1000000000000,1000000000000,7.254756289504405e-05,1.1786164933247356e-05,0.02,0.025,PASS
B_fixed_infinite_spectrum,LM,1.1,centered_total,spectral_only_2x,bin_width,1000000000000,1000000000000,1.2457401466523015e-06,1.3397068399090273e-07,0.02,0.025,PASS
B_fixed_infinite_spectrum,LM,1.1,centered_total,combined_2x,time_grid_and_bin_width,1000000000000,1000000000000,7.378715178648584e-05,1.191993620497378e-05,0.02,0.025,PASS
B_fixed_infinite_spectrum,LM,1.1,centered_total,cutoff_only_100x,spectral_cutoff,1000000000000,100000000000000,8.844825771642841e-07,1.2800484245900634e-06,0.002,0.002,PASS
B_fixed_infinite_spectrum,LM,1.15,noise_gap,time_only_2x,time_grid,1000000000000,1000000000000,0.00034689709349767833,1.6786344874453185e-05,0.02,0.025,PASS
B_fixed_infinite_spectrum,LM,1.15,noise_gap,spectral_only_2x,bin_width,1000000000000,1000000000000,1.4600258096534795e-06,3.749685331122521e-07,0.02,0.025,PASS
B_fixed_infinite_spectrum,LM,1.15,noise_gap,combined_2x,time_grid_and_bin_width,1000000000000,1000000000000,0.0003482555105944784,1.7161349572636375e-05,0.02,0.025,PASS
B_fixed_infinite_spectrum,LM,1.15,noise_gap,cutoff_only_100x,spectral_cutoff,1000000000000,100000000000000,4.313161720398115e-06,1.2786105322848407e-05,0.002,0.002,PASS
B_fixed_infinite_spectrum,LM,1.15,centered_total,time_only_2x,time_grid,1000000000000,1000000000000,6.179550409823535e-05,1.3505839832284039e-05,0.02,0.025,PASS
B_fixed_infinite_spectrum,LM,1.15,centered_total,spectral_only_2x,bin_width,1000000000000,1000000000000,1.2523165995401872e-06,1.4701158013163962e-07,0.02,0.025,PASS
B_fixed_infinite_spectrum,LM,1.15,centered_total,combined_2x,time_grid_and_bin_width,1000000000000,1000000000000,6.304305964381934e-05,1.3652637752770147e-05,0.02,0.025,PASS
B_fixed_infinite_spectrum,LM,1.15,centered_total,cutoff_only_100x,spectral_cutoff,1000000000000,100000000000000,7.846343162254733e-07,1.0919357545935426e-06,0.002,0.002,PASS
B_fixed_infinite_spectrum,LM,1.2,noise_gap,time_only_2x,time_grid,1000000000000,1000000000000,0.00032783560544164995,2.5960762196630682e-06,0.02,0.025,PASS
B_fixed_infinite_spectrum,LM,1.2,noise_gap,spectral_only_2x,bin_width,1000000000000,1000000000000,1.4941753888873768e-06,3.674651188889655e-07,0.02,0.025,PASS
B_fixed_infinite_spectrum,LM,1.2,noise_gap,combined_2x,time_grid_and_bin_width,1000000000000,1000000000000,0.0003292190246174605,2.96354470308291e-06,0.02,0.025,PASS
B_fixed_infinite_spectrum,LM,1.2,noise_gap,cutoff_only_100x,spectral_cutoff,1000000000000,100000000000000,4.2749000913740065e-06,1.3275494991638048e-05,0.002,0.002,PASS
B_fixed_infinite_spectrum,LM,1.2,centered_total,time_only_2x,time_grid,1000000000000,1000000000000,5.250360107022571e-05,1.4099293937364088e-05,0.02,0.025,PASS
B_fixed_infinite_spectrum,LM,1.2,centered_total,spectral_only_2x,bin_width,1000000000000,1000000000000,1.2576306399704746e-06,1.5722220869651693e-07,0.02,0.025,PASS
B_fixed_infinite_spectrum,LM,1.2,centered_total,combined_2x,time_grid_and_bin_width,1000000000000,1000000000000,5.375713235577247e-05,1.4256289702307967e-05,0.02,0.025,PASS
B_fixed_infinite_spectrum,LM,1.2,centered_total,cutoff_only_100x,spectral_cutoff,1000000000000,100000000000000,7.01240946859174e-07,9.39986959824779e-07,0.002,0.002,PASS
B_fixed_infinite_spectrum,LM,1.25,noise_gap,time_only_2x,time_grid,1000000000000,1000000000000,0.00030832817533284456,1.0234362905703343e-05,0.02,0.025,PASS
B_fixed_infinite_spectrum,LM,1.25,noise_gap,spectral_only_2x,bin_width,1000000000000,1000000000000,1.5296093918391496e-06,3.591652892875885e-07,0.02,0.025,PASS
B_fixed_infinite_spectrum,LM,1.25,noise_gap,combined_2x,time_grid_and_bin_width,1000000000000,1000000000000,0.00030973689189877154,9.875222337973888e-06,0.02,0.025,PASS
B_fixed_infinite_spectrum,LM,1.25,noise_gap,cutoff_only_100x,spectral_cutoff,1000000000000,100000000000000,4.255081501116733e-06,1.3700644231229298e-05,0.002,0.002,PASS
B_fixed_infinite_spectrum,LM,1.25,centered_total,time_only_2x,time_grid,1000000000000,1000000000000,4.451308050585121e-05,1.3923672750992822e-05,0.02,0.025,PASS
B_fixed_infinite_spectrum,LM,1.25,centered_total,spectral_only_2x,bin_width,1000000000000,1000000000000,1.2618108905744963e-06,1.6521303836114498e-07,0.02,0.025,PASS
B_fixed_infinite_spectrum,LM,1.25,centered_total,combined_2x,time_grid_and_bin_width,1000000000000,1000000000000,4.5770664994785905e-05,1.4088648264576342e-05,0.02,0.025,PASS
B_fixed_infinite_spectrum,LM,1.25,centered_total,cutoff_only_100x,spectral_cutoff,1000000000000,100000000000000,6.311114279483778e-07,8.171331397077708e-07,0.002,0.002,PASS
B_fixed_infinite_spectrum,IM,0.0,noise_gap,time_only_2x,time_grid,1000000000000,1000000000000,4.3967880575917645e-06,1.4375577058772793e-05,0.02,0.025,PASS
B_fixed_infinite_spectrum,IM,0.0,noise_gap,spectral_only_2x,bin_width,1000000000000,1000000000000,2.303718901549428e-07,2.7410648473225052e-08,0.02,0.025,PASS
B_fixed_infinite_spectrum,IM,0.0,noise_gap,combined_2x,time_grid_and_bin_width,1000000000000,1000000000000,4.603747972380651e-06,1.4403064734207216e-05,0.02,0.025,PASS
B_fixed_infinite_spectrum,IM,0.0,noise_gap,cutoff_only_100x,spectral_cutoff,1000000000000,100000000000000,1.6598068110273702e-14,6.1825544683813405e-15,0.002,0.002,PASS
B_fixed_infinite_spectrum,IM,0.0,centered_total,time_only_2x,time_grid,1000000000000,1000000000000,1.8406774328631358e-06,5.69258037499791e-06,0.02,0.025,PASS
B_fixed_infinite_spectrum,IM,0.0,centered_total,spectral_only_2x,bin_width,1000000000000,1000000000000,6.51930775659095e-08,4.767853889475759e-10,0.02,0.025,PASS
B_fixed_infinite_spectrum,IM,0.0,centered_total,combined_2x,time_grid_and_bin_width,1000000000000,1000000000000,1.8840107740584141e-06,5.692985341719525e-06,0.02,0.025,PASS
B_fixed_infinite_spectrum,IM,0.0,centered_total,cutoff_only_100x,spectral_cutoff,1000000000000,100000000000000,1.5002646033786038e-14,6.144390551909851e-15,0.002,0.002,PASS
B_fixed_infinite_spectrum,IM,0.05,noise_gap,time_only_2x,time_grid,1000000000000,1000000000000,0.00021211837572579292,5.049013338024634e-05,0.02,0.025,PASS
B_fixed_infinite_spectrum,IM,0.05,noise_gap,spectral_only_2x,bin_width,1000000000000,1000000000000,2.365382996901156e-07,3.15837714124495e-08,0.02,0.025,PASS
B_fixed_infinite_spectrum,IM,0.05,noise_gap,combined_2x,time_grid_and_bin_width,1000000000000,1000000000000,0.00021192736805189923,5.0521795125194405e-05,0.02,0.025,PASS
B_fixed_infinite_spectrum,IM,0.05,noise_gap,cutoff_only_100x,spectral_cutoff,1000000000000,100000000000000,1.5523684828223344e-14,6.538172780956586e-15,0.002,0.002,PASS
B_fixed_infinite_spectrum,IM,0.05,centered_total,time_only_2x,time_grid,1000000000000,1000000000000,0.0001852856982321811,3.1801607173073676e-05,0.02,0.025,PASS
B_fixed_infinite_spectrum,IM,0.05,centered_total,spectral_only_2x,bin_width,1000000000000,1000000000000,1.9273511688996237e-08,1.564411954146916e-09,0.02,0.025,PASS
B_fixed_infinite_spectrum,IM,0.05,centered_total,combined_2x,time_grid_and_bin_width,1000000000000,1000000000000,0.00018527964718785466,3.18032306467278e-05,0.02,0.025,PASS
B_fixed_infinite_spectrum,IM,0.05,centered_total,cutoff_only_100x,spectral_cutoff,1000000000000,100000000000000,1.339398453186214e-14,6.25888230132432e-15,0.002,0.002,PASS
B_fixed_infinite_spectrum,IM,0.1,noise_gap,time_only_2x,time_grid,1000000000000,1000000000000,0.0004054927017657305,8.54250263024256e-05,0.02,0.025,PASS
B_fixed_infinite_spectrum,IM,0.1,noise_gap,spectral_only_2x,bin_width,1000000000000,1000000000000,2.425330704944047e-07,3.600179446228147e-08,0.02,0.025,PASS
B_fixed_infinite_spectrum,IM,0.1,noise_gap,combined_2x,time_grid_and_bin_width,1000000000000,1000000000000,0.00040529413450890114,8.546110887304448e-05,0.02,0.025,PASS
B_fixed_infinite_spectrum,IM,0.1,noise_gap,cutoff_only_100x,spectral_cutoff,1000000000000,100000000000000,1.4441063924890783e-14,6.8209327075408055e-15,0.002,0.002,PASS
B_fixed_infinite_spectrum,IM,0.1,centered_total,time_only_2x,time_grid,1000000000000,1000000000000,0.00033207874952267686,6.841660721189358e-05,0.02,0.025,PASS
B_fixed_infinite_spectrum,IM,0.1,centered_total,spectral_only_2x,bin_width,1000000000000,1000000000000,5.726440649079748e-08,5.4015893563574835e-09,0.02,0.025,PASS
B_fixed_infinite_spectrum,IM,0.1,centered_total,combined_2x,time_grid_and_bin_width,1000000000000,1000000000000,0.0003321308106153303,6.842205235012278e-05,0.02,0.025,PASS
B_fixed_infinite_spectrum,IM,0.1,centered_total,cutoff_only_100x,spectral_cutoff,1000000000000,100000000000000,1.173931316434186e-14,6.453171330633722e-15,0.002,0.002,PASS
B_fixed_infinite_spectrum,IM,0.15,noise_gap,time_only_2x,time_grid,1000000000000,1000000000000,0.0005774723168308322,0.00011990195904426626,0.02,0.025,PASS
B_fixed_infinite_spectrum,IM,0.15,noise_gap,spectral_only_2x,bin_width,1000000000000,1000000000000,2.4825076554059076e-07,4.074190934622024e-08,0.02,0.025,PASS
B_fixed_infinite_spectrum,IM,0.15,noise_gap,combined_2x,time_grid_and_bin_width,1000000000000,1000000000000,0.0005772661179846727,0.00011994278630718391,0.02,0.025,PASS
B_fixed_infinite_spectrum,IM,0.15,noise_gap,cutoff_only_100x,spectral_cutoff,1000000000000,100000000000000,1.3344768315164847e-14,7.174816296640074e-15,0.002,0.002,PASS
B_fixed_infinite_spectrum,IM,0.15,centered_total,time_only_2x,time_grid,1000000000000,1000000000000,0.00043864023159776274,0.00010401150973246565,0.02,0.025,PASS
B_fixed_infinite_spectrum,IM,0.15,centered_total,spectral_only_2x,bin_width,1000000000000,1000000000000,1.3118477958546617e-07,1.2124452053452472e-08,0.02,0.025,PASS
B_fixed_infinite_spectrum,IM,0.15,centered_total,combined_2x,time_grid_and_bin_width,1000000000000,1000000000000,0.00043876140905966014,0.00010402365937134395,0.02,0.025,PASS
B_fixed_infinite_spectrum,IM,0.15,centered_total,cutoff_only_100x,spectral_cutoff,1000000000000,100000000000000,1.0086154970052449e-14,6.661338147750939e-15,0.002,0.002,PASS
B_fixed_infinite_spectrum,IM,0.2,noise_gap,time_only_2x,time_grid,1000000000000,1000000000000,0.0007293443524832977,0.00015425613882882883,0.02,0.025,PASS
B_fixed_infinite_spectrum,IM,0.2,noise_gap,spectral_only_2x,bin_width,1000000000000,1000000000000,2.536826501879036e-07,4.587464594307811e-08,0.02,0.025,PASS
B_fixed_infinite_spectrum,IM,0.2,noise_gap,combined_2x,time_grid_and_bin_width,1000000000000,1000000000000,0.0007291304031302205,0.00015430210517933252,0.02,0.025,PASS
B_fixed_infinite_spectrum,IM,0.2,noise_gap,cutoff_only_100x,spectral_cutoff,1000000000000,100000000000000,1.2242284586304765e-14,7.66053886991358e-15,0.002,0.002,PASS
B_fixed_infinite_spectrum,IM,0.2,centered_total,time_only_2x,time_grid,1000000000000,1000000000000,0.0005069345655394382,0.00013728004165561303,0.02,0.025,PASS
B_fixed_infinite_spectrum,IM,0.2,centered_total,spectral_only_2x,bin_width,1000000000000,1000000000000,2.140213364554e-07,2.300660326137738e-08,0.02,0.025,PASS
B_fixed_infinite_spectrum,IM,0.2,centered_total,combined_2x,time_grid_and_bin_width,1000000000000,1000000000000,0.0005071335287457617,0.000137303052714699,0.02,0.025,PASS
B_fixed_infinite_spectrum,IM,0.2,centered_total,cutoff_only_100x,spectral_cutoff,1000000000000,100000000000000,8.469547768640618e-15,6.689093723366568e-15,0.002,0.002,PASS
B_fixed_infinite_spectrum,IM,0.25,noise_gap,time_only_2x,time_grid,1000000000000,1000000000000,0.0008625618985497881,0.00018861846785869774,0.02,0.025,PASS
B_fixed_infinite_spectrum,IM,0.25,noise_gap,spectral_only_2x,bin_width,1000000000000,1000000000000,2.589041500549518e-07,5.147123294246825e-08,0.02,0.025,PASS
B_fixed_infinite_spectrum,IM,0.25,noise_gap,combined_2x,time_grid_and_bin_width,1000000000000,1000000000000,0.0008623401013398473,0.0001886700389892304,0.02,0.025,PASS
B_fixed_infinite_spectrum,IM,0.25,noise_gap,cutoff_only_100x,spectral_cutoff,1000000000000,100000000000000,1.1166771077091437e-14,8.076872504148014e-15,0.002,0.002,PASS
B_fixed_infinite_spectrum,IM,0.25,centered_total,time_only_2x,time_grid,1000000000000,1000000000000,0.0005413326713540055,0.0001657499972876897,0.02,0.025,PASS
B_fixed_infinite_spectrum,IM,0.25,centered_total,spectral_only_2x,bin_width,1000000000000,1000000000000,3.018765122272456e-07,3.929739550434519e-08,0.02,0.025,PASS
B_fixed_infinite_spectrum,IM,0.25,centered_total,combined_2x,time_grid_and_bin_width,1000000000000,1000000000000,0.0005416146975798519,0.0001657892767149005,0.02,0.025,PASS
B_fixed_infinite_spectrum,IM,0.25,centered_total,cutoff_only_100x,spectral_cutoff,1000000000000,100000000000000,6.984825142433288e-15,6.6058269965196814e-15,0.002,0.002,PASS
B_fixed_infinite_spectrum,IM,0.3,noise_gap,time_only_2x,time_grid,1000000000000,1000000000000,0.0009788626484212787,0.00022301074056002568,0.02,0.025,PASS
B_fixed_infinite_spectrum,IM,0.3,noise_gap,spectral_only_2x,bin_width,1000000000000,1000000000000,2.6405454502363233e-07,5.7609034848082885e-08,0.02,0.025,PASS
B_fixed_infinite_spectrum,IM,0.3,noise_gap,combined_2x,time_grid_and_bin_width,1000000000000,1000000000000,0.0009786329005999617,0.00022306845965994193,0.02,0.025,PASS
B_fixed_infinite_spectrum,IM,0.3,noise_gap,cutoff_only_100x,spectral_cutoff,1000000000000,100000000000000,1.0128592854367064e-14,8.548717289613705e-15,0.002,0.002,PASS
B_fixed_infinite_spectrum,IM,0.3,centered_total,time_only_2x,time_grid,1000000000000,1000000000000,0.0005479261940564191,0.0001860027511735307,0.02,0.025,PASS
B_fixed_infinite_spectrum,IM,0.3,centered_total,spectral_only_2x,bin_width,1000000000000,1000000000000,3.913787653441427e-07,6.181489381473781e-08,0.02,0.025,PASS
B_fixed_infinite_spectrum,IM,0.3,centered_total,combined_2x,time_grid_and_bin_width,1000000000000,1000000000000,0.0005482926782393836,0.00018606452381569882,0.02,0.025,PASS
B_fixed_infinite_spectrum,IM,0.3,centered_total,cutoff_only_100x,spectral_cutoff,1000000000000,100000000000000,5.650413472397531e-15,6.439293542825908e-15,0.002,0.002,PASS
B_fixed_infinite_spectrum,IM,0.35,noise_gap,time_only_2x,time_grid,1000000000000,1000000000000,0.0010801711217199533,0.00025739427665688597,0.02,0.025,PASS
B_fixed_infinite_spectrum,IM,0.35,noise_gap,spectral_only_2x,bin_width,1000000000000,1000000000000,2.693130220066412e-07,6.437618998988981e-08,0.02,0.025,PASS
B_fixed_infinite_spectrum,IM,0.35,noise_gap,combined_2x,time_grid_and_bin_width,1000000000000,1000000000000,0.0010799332762729936,0.00025745877524957494,0.02,0.025,PASS
B_fixed_infinite_spectrum,IM,0.35,noise_gap,cutoff_only_100x,spectral_cutoff,1000000000000,100000000000000,9.185225355074098e-15,9.159339953157541e-15,0.002,0.002,PASS
B_fixed_infinite_spectrum,IM,0.35,centered_total,time_only_2x,time_grid,1000000000000,1000000000000,0.0005334336267024224,0.00019443925283485486,0.02,0.025,PASS
B_fixed_infinite_spectrum,IM,0.35,centered_total,spectral_only_2x,bin_width,1000000000000,1000000000000,4.795672065735127e-07,9.039964721235805e-08,0.02,0.025,PASS
B_fixed_infinite_spectrum,IM,0.35,centered_total,combined_2x,time_grid_and_bin_width,1000000000000,1000000000000,0.0005338821529626803,0.00019452958165133705,0.02,0.025,PASS
B_fixed_infinite_spectrum,IM,0.35,centered_total,cutoff_only_100x,spectral_cutoff,1000000000000,100000000000000,4.5129570320406794e-15,5.995204332975845e-15,0.002,0.002,PASS
B_fixed_infinite_spectrum,IM,0.4,noise_gap,time_only_2x,time_grid,1000000000000,1000000000000,0.0011684249339113442,0.00029169250966754046,0.02,0.025,PASS
B_fixed_infinite_spectrum,IM,0.4,noise_gap,spectral_only_2x,bin_width,1000000000000,1000000000000,2.748761751219487e-07,7.187613648707014e-08,0.02,0.025,PASS
B_fixed_infinite_spectrum,IM,0.4,noise_gap,combined_2x,time_grid_and_bin_width,1000000000000,1000000000000,0.0011681787630832318,0.00029176452297763333,0.02,0.025,PASS
B_fixed_infinite_spectrum,IM,0.4,noise_gap,cutoff_only_100x,spectral_cutoff,1000000000000,100000000000000,8.326792761220957e-15,9.936496070395151e-15,0.002,0.002,PASS
B_fixed_infinite_spectrum,IM,0.4,centered_total,time_only_2x,time_grid,1000000000000,1000000000000,0.0005042465447069707,0.00018867355671914332,0.02,0.025,PASS
B_fixed_infinite_spectrum,IM,0.4,centered_total,spectral_only_2x,bin_width,1000000000000,1000000000000,5.64048121232695e-07,1.2348662925543152e-07,0.02,0.025,PASS
B_fixed_infinite_spectrum,IM,0.4,centered_total,combined_2x,time_grid_and_bin_width,1000000000000,1000000000000,0.0005047713895705749,0.00018879693443174528,0.02,0.025,PASS
B_fixed_infinite_spectrum,IM,0.4,centered_total,cutoff_only_100x,spectral_cutoff,1000000000000,100000000000000,3.577267363049024e-15,5.6066262743570405e-15,0.002,0.002,PASS
B_fixed_infinite_spectrum,IM,0.45,noise_gap,time_only_2x,time_grid,1000000000000,1000000000000,0.0012454132220864778,0.00032579820488770617,0.02,0.025,PASS
B_fixed_infinite_spectrum,IM,0.45,noise_gap,spectral_only_2x,bin_width,1000000000000,1000000000000,2.809405083856444e-07,8.02325039184204e-08,0.02,0.025,PASS
B_fixed_infinite_spectrum,IM,0.45,noise_gap,combined_2x,time_grid_and_bin_width,1000000000000,1000000000000,0.0012451583883465974,0.00032587859211047343,0.02,0.025,PASS
B_fixed_infinite_spectrum,IM,0.45,noise_gap,cutoff_only_100x,spectral_cutoff,1000000000000,100000000000000,7.53434079393448e-15,1.049160758270773e-14,0.002,0.002,PASS
B_fixed_infinite_spectrum,IM,0.45,centered_total,time_only_2x,time_grid,1000000000000,1000000000000,0.0004658541366750631,0.00016901171303307372,0.02,0.025,PASS
B_fixed_infinite_spectrum,IM,0.45,centered_total,spectral_only_2x,bin_width,1000000000000,1000000000000,6.43049874564414e-07,1.5818817472590396e-07,0.02,0.025,PASS
B_fixed_infinite_spectrum,IM,0.45,centered_total,combined_2x,time_grid_and_bin_width,1000000000000,1000000000000,0.00046644703565147113,0.00016916973881825337,0.02,0.025,PASS
B_fixed_infinite_spectrum,IM,0.45,centered_total,cutoff_only_100x,spectral_cutoff,1000000000000,100000000000000,2.801171536682267e-15,4.884981308350689e-15,0.002,0.002,PASS
B_fixed_infinite_spectrum,IM,0.5,noise_gap,time_only_2x,time_grid,1000000000000,1000000000000,0.0013126681483654856,0.0003595707558189942,0.02,0.025,PASS
B_fixed_infinite_spectrum,IM,0.5,noise_gap,spectral_only_2x,bin_width,1000000000000,1000000000000,2.8769117550773604e-07,8.959474606662354e-08,0.02,0.025,PASS
B_fixed_infinite_spectrum,IM,0.5,noise_gap,combined_2x,time_grid_and_bin_width,1000000000000,1000000000000,0.00131240418452057,0.00035966052603703114,0.02,0.025,PASS
B_fixed_infinite_spectrum,IM,0.5,noise_gap,cutoff_only_100x,spectral_cutoff,1000000000000,100000000000000,6.841883087252913e-15,1.1546319456101628e-14,0.002,0.002,PASS
B_fixed_infinite_spectrum,IM,0.5,centered_total,time_only_2x,time_grid,1000000000000,1000000000000,0.0004226271435872293,0.00013894439688111326,0.02,0.025,PASS
B_fixed_infinite_spectrum,IM,0.5,centered_total,spectral_only_2x,bin_width,1000000000000,1000000000000,7.153987284239051e-07,1.9107384557903728e-07,0.02,0.025,PASS
B_fixed_infinite_spectrum,IM,0.5,centered_total,combined_2x,time_grid_and_bin_width,1000000000000,1000000000000,0.0004232781661168544,0.00013913523722042243,0.02,0.025,PASS
B_fixed_infinite_spectrum,IM,0.5,centered_total,cutoff_only_100x,spectral_cutoff,1000000000000,100000000000000,2.1969635688658313e-15,4.107825191113079e-15,0.002,0.002,PASS
B_fixed_infinite_spectrum,IM,0.55,noise_gap,time_only_2x,time_grid,1000000000000,1000000000000,0.001371416024110796,0.0003928260552611418,0.02,0.025,PASS
B_fixed_infinite_spectrum,IM,0.55,noise_gap,spectral_only_2x,bin_width,1000000000000,1000000000000,2.9529635351218543e-07,1.001448303172836e-07,0.02,0.025,PASS
B_fixed_infinite_spectrum,IM,0.55,noise_gap,combined_2x,time_grid_and_bin_width,1000000000000,1000000000000,0.0013711423223371022,0.00039292640006571844,0.02,0.025,PASS
B_fixed_infinite_spectrum,IM,0.55,noise_gap,cutoff_only_100x,spectral_cutoff,1000000000000,100000000000000,6.2302380751531846e-15,1.2434497875801753e-14,0.002,0.002,PASS
B_fixed_infinite_spectrum,IM,0.55,centered_total,time_only_2x,time_grid,1000000000000,1000000000000,0.0003778378447082579,0.00010402470211268167,0.02,0.025,PASS
B_fixed_infinite_spectrum,IM,0.55,centered_total,spectral_only_2x,bin_width,1000000000000,1000000000000,7.804536584113927e-07,2.1928883697786006e-07,0.02,0.025,PASS
B_fixed_infinite_spectrum,IM,0.55,centered_total,combined_2x,time_grid_and_bin_width,1000000000000,1000000000000,0.00037853625260501287,0.00010424367291617109,0.02,0.025,PASS
B_fixed_infinite_spectrum,IM,0.55,centered_total,cutoff_only_100x,spectral_cutoff,1000000000000,100000000000000,1.7051971573204047e-15,3.3306690738754696e-15,0.002,0.002,PASS
B_fixed_infinite_spectrum,IM,0.6,noise_gap,time_only_2x,time_grid,1000000000000,1000000000000,0.0014225760656236376,0.0004253196778108981,0.02,0.025,PASS
B_fixed_infinite_spectrum,IM,0.6,noise_gap,spectral_only_2x,bin_width,1000000000000,1000000000000,3.0390572155426635e-07,1.1210522232740772e-07,0.02,0.025,PASS
B_fixed_infinite_spectrum,IM,0.6,noise_gap,combined_2x,time_grid_and_bin_width,1000000000000,1000000000000,0.0014222918741296777,0.00042543201193423474,0.02,0.025,PASS
B_fixed_infinite_spectrum,IM,0.6,noise_gap,cutoff_only_100x,spectral_cutoff,1000000000000,100000000000000,5.715825030141665e-15,1.3877787807814457e-14,0.002,0.002,PASS
B_fixed_infinite_spectrum,IM,0.6,centered_total,time_only_2x,time_grid,1000000000000,1000000000000,0.0003337972011479222,6.980552826130193e-05,0.02,0.025,PASS
B_fixed_infinite_spectrum,IM,0.6,centered_total,spectral_only_2x,bin_width,1000000000000,1000000000000,8.380211624705766e-07,2.41325957439642e-07,0.02,0.025,PASS
B_fixed_infinite_spectrum,IM,0.6,centered_total,combined_2x,time_grid_and_bin_width,1000000000000,1000000000000,0.0003345321997883201,7.004644742603094e-05,0.02,0.025,PASS
B_fixed_infinite_spectrum,IM,0.6,centered_total,cutoff_only_100x,spectral_cutoff,1000000000000,100000000000000,1.333074646565089e-15,2.6645352591003757e-15,0.002,0.002,PASS
B_fixed_infinite_spectrum,IM,0.65,noise_gap,time_only_2x,time_grid,1000000000000,1000000000000,0.0014667892002754807,0.0004567230485158502,0.02,0.025,PASS
B_fixed_infinite_spectrum,IM,0.65,noise_gap,spectral_only_2x,bin_width,1000000000000,1000000000000,3.13651368189808e-07,1.25748290114025e-07,0.02,0.025,PASS
B_fixed_infinite_spectrum,IM,0.65,noise_gap,combined_2x,time_grid_and_bin_width,1000000000000,1000000000000,0.0014664936259164967,0.00045684905988641056,0.02,0.025,PASS
B_fixed_infinite_spectrum,IM,0.65,noise_gap,cutoff_only_100x,spectral_cutoff,1000000000000,100000000000000,5.280873701143522e-15,1.5432100042289676e-14,0.002,0.002,PASS
B_fixed_infinite_spectrum,IM,0.65,centered_total,time_only_2x,time_grid,1000000000000,1000000000000,0.0002920314830053415,4.020536086879467e-05,0.02,0.025,PASS
B_fixed_infinite_spectrum,IM,0.65,centered_total,spectral_only_2x,bin_width,1000000000000,1000000000000,8.882604804552225e-07,2.5708281636838137e-07,0.02,0.025,PASS
B_fixed_infinite_spectrum,IM,0.65,centered_total,combined_2x,time_grid_and_bin_width,1000000000000,1000000000000,0.00029279281052051366,4.04619535765427e-05,0.02,0.025,PASS
B_fixed_infinite_spectrum,IM,0.65,centered_total,cutoff_only_100x,spectral_cutoff,1000000000000,100000000000000,1.0601119063694428e-15,2.1094237467877974e-15,0.002,0.002,PASS
B_fixed_infinite_spectrum,IM,0.7,noise_gap,time_only_2x,time_grid,1000000000000,1000000000000,0.0015044613129137406,0.0004865917385827867,0.02,0.025,PASS
B_fixed_infinite_spectrum,IM,0.7,noise_gap,spectral_only_2x,bin_width,1000000000000,1000000000000,3.246497285118492e-07,1.4140698589848455e-07,0.02,0.025,PASS
B_fixed_infinite_spectrum,IM,0.7,noise_gap,combined_2x,time_grid_and_bin_width,1000000000000,1000000000000,0.0015041533281749846,0.0004867334490805675,0.02,0.025,PASS
B_fixed_infinite_spectrum,IM,0.7,noise_gap,cutoff_only_100x,spectral_cutoff,1000000000000,100000000000000,4.90950267689538e-15,1.709743457922741e-14,0.002,0.002,PASS
B_fixed_infinite_spectrum,IM,0.7,centered_total,time_only_2x,time_grid,1000000000000,1000000000000,0.00025345773482320457,1.7031060365213513e-05,0.02,0.025,PASS
B_fixed_infinite_spectrum,IM,0.7,centered_total,spectral_only_2x,bin_width,1000000000000,1000000000000,9.315870892747854e-07,2.674023925619551e-07,0.02,0.025,PASS
B_fixed_infinite_spectrum,IM,0.7,centered_total,combined_2x,time_grid_and_bin_width,1000000000000,1000000000000,0.00025423606963913823,1.7297901387047787e-05,0.02,0.025,PASS
B_fixed_infinite_spectrum,IM,0.7,centered_total,cutoff_only_100x,spectral_cutoff,1000000000000,100000000000000,8.340594528325282e-16,1.7763568394002505e-15,0.002,0.002,PASS
B_fixed_infinite_spectrum,IM,0.75,noise_gap,time_only_2x,time_grid,1000000000000,1000000000000,0.0015358101309822447,0.000514325107880298,0.02,0.025,PASS
B_fixed_infinite_spectrum,IM,0.75,noise_gap,spectral_only_2x,bin_width,1000000000000,1000000000000,3.370035638256963e-07,1.5948616494121381e-07,0.02,0.025,PASS
B_fixed_infinite_spectrum,IM,0.75,noise_gap,combined_2x,time_grid_and_bin_width,1000000000000,1000000000000,0.0015354885841268038,0.0005144849454146172,0.02,0.025,PASS
B_fixed_infinite_spectrum,IM,0.75,noise_gap,cutoff_only_100x,spectral_cutoff,1000000000000,100000000000000,4.611960464481787e-15,1.9539925233402755e-14,0.002,0.002,PASS
B_fixed_infinite_spectrum,IM,0.75,centered_total,time_only_2x,time_grid,1000000000000,1000000000000,0.00021854015072297396,4.017792494259709e-07,0.02,0.025,PASS
B_fixed_infinite_spectrum,IM,0.75,centered_total,spectral_only_2x,bin_width,1000000000000,1000000000000,9.685822108744637e-07,2.7351323561575214e-07,0.02,0.025,PASS
B_fixed_infinite_spectrum,IM,0.75,centered_total,combined_2x,time_grid_and_bin_width,1000000000000,1000000000000,0.0002193273469401679,6.746745302432799e-07,0.02,0.025,PASS
B_fixed_infinite_spectrum,IM,0.75,centered_total,cutoff_only_100x,spectral_cutoff,1000000000000,100000000000000,6.688634738609792e-16,1.2212453270876722e-15,0.002,0.002,PASS
B_fixed_infinite_spectrum,IM,0.8,noise_gap,time_only_2x,time_grid,1000000000000,1000000000000,0.0015609097269243598,0.000539117563752356,0.02,0.025,PASS
B_fixed_infinite_spectrum,IM,0.8,noise_gap,spectral_only_2x,bin_width,1000000000000,1000000000000,3.5080337144587946e-07,1.804729787835413e-07,0.02,0.025,PASS
B_fixed_infinite_spectrum,IM,0.8,noise_gap,combined_2x,time_grid_and_bin_width,1000000000000,1000000000000,0.001560573354584345,0.0005392984446915827,0.02,0.025,PASS
B_fixed_infinite_spectrum,IM,0.8,noise_gap,cutoff_only_100x,spectral_cutoff,1000000000000,100000000000000,4.398444760351309e-15,2.220446049250313e-14,0.002,0.002,PASS
B_fixed_infinite_spectrum,IM,0.8,centered_total,time_only_2x,time_grid,1000000000000,1000000000000,0.0001874210416189204,1.0533043752425364e-05,0.02,0.025,PASS
B_fixed_infinite_spectrum,IM,0.8,centered_total,spectral_only_2x,bin_width,1000000000000,1000000000000,9.999148591470203e-07,2.7663061974436687e-07,0.02,0.025,PASS
B_fixed_infinite_spectrum,IM,0.8,centered_total,combined_2x,time_grid_and_bin_width,1000000000000,1000000000000,0.0001882102208717858,1.0257073419950302e-05,0.02,0.025,PASS
B_fixed_infinite_spectrum,IM,0.8,centered_total,cutoff_only_100x,spectral_cutoff,1000000000000,100000000000000,5.491833725875269e-16,9.992007221626409e-16,0.002,0.002,PASS
B_fixed_infinite_spectrum,IM,0.85,noise_gap,time_only_2x,time_grid,1000000000000,1000000000000,0.0015797301793837905,0.000559904419137669,0.02,0.025,PASS
B_fixed_infinite_spectrum,IM,0.85,noise_gap,spectral_only_2x,bin_width,1000000000000,1000000000000,3.6612790167302905e-07,2.0494322838793266e-07,0.02,0.025,PASS
B_fixed_infinite_spectrum,IM,0.85,noise_gap,combined_2x,time_grid_and_bin_width,1000000000000,1000000000000,0.0015793776213403191,0.0005601098369770741,0.02,0.025,PASS
B_fixed_infinite_spectrum,IM,0.85,noise_gap,cutoff_only_100x,spectral_cutoff,1000000000000,100000000000000,4.225707541712328e-15,2.4868995751603507e-14,0.002,0.002,PASS
B_fixed_infinite_spectrum,IM,0.85,centered_total,time_only_2x,time_grid,1000000000000,1000000000000,0.0001600256125302426,1.6988916211158056e-05,0.02,0.025,PASS
B_fixed_infinite_spectrum,IM,0.85,centered_total,spectral_only_2x,bin_width,1000000000000,1000000000000,1.026280314380149e-06,2.7776378863642037e-07,0.02,0.025,PASS
B_fixed_infinite_spectrum,IM,0.85,centered_total,combined_2x,time_grid_and_bin_width,1000000000000,1000000000000,0.00016081114931390766,1.6711842848682323e-05,0.02,0.025,PASS
B_fixed_infinite_spectrum,IM,0.85,centered_total,cutoff_only_100x,spectral_cutoff,1000000000000,100000000000000,4.574396857307619e-16,6.661338147750939e-16,0.002,0.002,PASS
B_fixed_infinite_spectrum,IM,0.9,noise_gap,time_only_2x,time_grid,1000000000000,1000000000000,0.0015921721142582712,0.000575310751858793,0.02,0.025,PASS
B_fixed_infinite_spectrum,IM,0.9,noise_gap,spectral_only_2x,bin_width,1000000000000,1000000000000,3.8304364887834153e-07,2.335581500423345e-07,0.02,0.025,PASS
B_fixed_infinite_spectrum,IM,0.9,noise_gap,combined_2x,time_grid_and_bin_width,1000000000000,1000000000000,0.0015918019305187186,0.000575544862428834,0.02,0.025,PASS
B_fixed_infinite_spectrum,IM,0.9,noise_gap,cutoff_only_100x,spectral_cutoff,1000000000000,100000000000000,4.1002052019158975e-15,2.9753977059954195e-14,0.002,0.002,PASS
B_fixed_infinite_spectrum,IM,0.9,centered_total,time_only_2x,time_grid,1000000000000,1000000000000,0.00013614244821133105,2.0175286031376416e-05,0.02,0.025,PASS
B_fixed_infinite_spectrum,IM,0.9,centered_total,spectral_only_2x,bin_width,1000000000000,1000000000000,1.0483558666453171e-06,2.7766827437325503e-07,0.02,0.025,PASS
B_fixed_infinite_spectrum,IM,0.9,centered_total,combined_2x,time_grid_and_bin_width,1000000000000,1000000000000,0.0001369198853478939,1.989832870274988e-05,0.02,0.025,PASS
B_fixed_infinite_spectrum,IM,0.9,centered_total,cutoff_only_100x,spectral_cutoff,1000000000000,100000000000000,4.1920554260895286e-16,5.551115123125783e-16,0.002,0.002,PASS
B_fixed_infinite_spectrum,IM,0.95,noise_gap,time_only_2x,time_grid,1000000000000,1000000000000,0.0015980969167324929,0.0005836209428196071,0.02,0.025,PASS
B_fixed_infinite_spectrum,IM,0.95,noise_gap,spectral_only_2x,bin_width,1000000000000,1000000000000,4.016033136926915e-07,2.670428597140173e-07,0.02,0.025,PASS
B_fixed_infinite_spectrum,IM,0.95,noise_gap,combined_2x,time_grid_and_bin_width,1000000000000,1000000000000,0.001597707607253939,0.0005838886274717181,0.02,0.025,PASS
B_fixed_infinite_spectrum,IM,0.95,noise_gap,cutoff_only_100x,spectral_cutoff,1000000000000,100000000000000,4.023724769593922e-15,3.4083846855992306e-14,0.002,0.002,PASS
B_fixed_infinite_spectrum,IM,0.95,centered_total,time_only_2x,time_grid,1000000000000,1000000000000,0.0001154829120650541,2.1122598328093822e-05,0.02,0.025,PASS
B_fixed_infinite_spectrum,IM,0.95,centered_total,spectral_only_2x,bin_width,1000000000000,1000000000000,1.0667722717391747e-06,2.768710759548654e-07,0.02,0.025,PASS
B_fixed_infinite_spectrum,IM,0.95,centered_total,combined_2x,time_grid_and_bin_width,1000000000000,1000000000000,0.00011624883742585852,2.0846451546874256e-05,0.02,0.025,PASS
B_fixed_infinite_spectrum,IM,0.95,centered_total,cutoff_only_100x,spectral_cutoff,1000000000000,100000000000000,3.417467416652825e-16,5.551115123125783e-16,0.002,0.002,PASS
B_fixed_infinite_spectrum,IM,1.0,noise_gap,time_only_2x,time_grid,1000000000000,1000000000000,0.0015973537308976516,0.0005828000508674158,0.02,0.025,PASS
B_fixed_infinite_spectrum,IM,1.0,noise_gap,spectral_only_2x,bin_width,1000000000000,1000000000000,4.218433239962983e-07,3.061341737886636e-07,0.02,0.025,PASS
B_fixed_infinite_spectrum,IM,1.0,noise_gap,combined_2x,time_grid_and_bin_width,1000000000000,1000000000000,0.0015969437584019638,0.0005831069267361322,0.02,0.025,PASS
B_fixed_infinite_spectrum,IM,1.0,noise_gap,cutoff_only_100x,spectral_cutoff,1000000000000,100000000000000,3.983991506425904e-15,4.0190073491430667e-14,0.002,0.002,PASS
B_fixed_infinite_spectrum,IM,1.0,centered_total,time_only_2x,time_grid,1000000000000,1000000000000,9.772317867159499e-05,2.06330062776372e-05,0.02,0.025,PASS
B_fixed_infinite_spectrum,IM,1.0,centered_total,spectral_only_2x,bin_width,1000000000000,1000000000000,1.0820979996610237e-06,2.757202611780585e-07,0.02,0.025,PASS
B_fixed_infinite_spectrum,IM,1.0,centered_total,combined_2x,time_grid_and_bin_width,1000000000000,1000000000000,9.847508664855478e-05,2.035801853772501e-05,0.02,0.025,PASS
B_fixed_infinite_spectrum,IM,1.0,centered_total,cutoff_only_100x,spectral_cutoff,1000000000000,100000000000000,2.7811701652675564e-16,3.3306690738754696e-16,0.002,0.002,PASS
B_fixed_infinite_spectrum,IM,1.05,noise_gap,time_only_2x,time_grid,1000000000000,1000000000000,0.0015898042491701578,0.00057061321993368,0.02,0.025,PASS
B_fixed_infinite_spectrum,IM,1.05,noise_gap,spectral_only_2x,bin_width,1000000000000,1000000000000,4.4378057207882793e-07,3.5148391841488547e-07,0.02,0.025,PASS
B_fixed_infinite_spectrum,IM,1.05,noise_gap,combined_2x,time_grid_and_bin_width,1000000000000,1000000000000,0.001589372065462519,0.0005709655524528401,0.02,0.025,PASS
B_fixed_infinite_spectrum,IM,1.05,noise_gap,cutoff_only_100x,spectral_cutoff,1000000000000,100000000000000,3.9833984603560645e-15,4.796163466380676e-14,0.002,0.002,PASS
B_fixed_infinite_spectrum,IM,1.05,centered_total,time_only_2x,time_grid,1000000000000,1000000000000,8.253260961508006e-05,1.9293377824469715e-05,0.02,0.025,PASS
B_fixed_infinite_spectrum,IM,1.05,centered_total,spectral_only_2x,bin_width,1000000000000,1000000000000,1.094832972637903e-06,2.7443470917987156e-07,0.02,0.025,PASS
B_fixed_infinite_spectrum,IM,1.05,centered_total,combined_2x,time_grid_and_bin_width,1000000000000,1000000000000,8.326876333832863e-05,1.9019680331688882e-05,0.02,0.025,PASS
B_fixed_infinite_spectrum,IM,1.05,centered_total,cutoff_only_100x,spectral_cutoff,1000000000000,100000000000000,2.9259085811293677e-16,4.440892098500626e-16,0.002,0.002,PASS
B_fixed_infinite_spectrum,IM,1.1,noise_gap,time_only_2x,time_grid,1000000000000,1000000000000,0.001575345949105627,0.0005448966596035554,0.02,0.025,PASS
B_fixed_infinite_spectrum,IM,1.1,noise_gap,spectral_only_2x,bin_width,1000000000000,1000000000000,4.674085991533398e-07,4.035082648012889e-07,0.02,0.025,PASS
B_fixed_infinite_spectrum,IM,1.1,noise_gap,combined_2x,time_grid_and_bin_width,1000000000000,1000000000000,0.0015748900251436892,0.0005453011231690841,0.02,0.025,PASS
B_fixed_infinite_spectrum,IM,1.1,noise_gap,cutoff_only_100x,spectral_cutoff,1000000000000,100000000000000,4.069852380011506e-15,5.6621374255882984e-14,0.002,0.002,PASS
B_fixed_infinite_spectrum,IM,1.1,centered_total,time_only_2x,time_grid,1000000000000,1000000000000,6.959183386463537e-05,1.7512437118227808e-05,0.02,0.025,PASS
B_fixed_infinite_spectrum,IM,1.1,centered_total,spectral_only_2x,bin_width,1000000000000,1000000000000,1.1054087362480493e-06,2.7314493233898673e-07,0.02,0.025,PASS
B_fixed_infinite_spectrum,IM,1.1,centered_total,combined_2x,time_grid_and_bin_width,1000000000000,1000000000000,7.031113791616347e-05,1.7240031741083683e-05,0.02,0.025,PASS
B_fixed_infinite_spectrum,IM,1.1,centered_total,cutoff_only_100x,spectral_cutoff,1000000000000,100000000000000,2.709568961734493e-16,1.1102230246251565e-16,0.002,0.002,PASS
B_fixed_infinite_spectrum,IM,1.1166666666666667,noise_gap,time_only_2x,time_grid,1000000000000,1000000000000,0.001568981410766857,0.0005330087024977281,0.02,0.025,PASS
B_fixed_infinite_spectrum,IM,1.1166666666666667,noise_gap,spectral_only_2x,bin_width,1000000000000,1000000000000,4.756553490488449e-07,4.223466185671043e-07,0.02,0.025,PASS
B_fixed_infinite_spectrum,IM,1.1166666666666667,noise_gap,combined_2x,time_grid_and_bin_width,1000000000000,1000000000000,0.00156851724171013,0.000533432038040571,0.02,0.025,PASS
B_fixed_infinite_spectrum,IM,1.1166666666666667,noise_gap,cutoff_only_100x,spectral_cutoff,1000000000000,100000000000000,4.065577284983154e-15,5.906386491005833e-14,0.002,0.002,PASS
B_fixed_infinite_spectrum,IM,1.1166666666666667,centered_total,time_only_2x,time_grid,1000000000000,1000000000000,6.57260231550962e-05,1.687092024105219e-05,0.02,0.025,PASS
B_fixed_infinite_spectrum,IM,1.1166666666666667,centered_total,spectral_only_2x,bin_width,1000000000000,1000000000000,1.10851938670936e-06,2.727278188840998e-07,0.02,0.025,PASS
B_fixed_infinite_spectrum,IM,1.1166666666666667,centered_total,combined_2x,time_grid_and_bin_width,1000000000000,1000000000000,6.643956167104648e-05,1.659893238614707e-05,0.02,0.025,PASS
B_fixed_infinite_spectrum,IM,1.1166666666666667,centered_total,cutoff_only_100x,spectral_cutoff,1000000000000,100000000000000,2.6565088390948616e-16,1.1102230246251565e-16,0.002,0.002,PASS
B_fixed_infinite_spectrum,IM,1.15,noise_gap,time_only_2x,time_grid,1000000000000,1000000000000,0.0015539339909100818,0.0005040147358512659,0.02,0.025,PASS
B_fixed_infinite_spectrum,IM,1.15,noise_gap,spectral_only_2x,bin_width,1000000000000,1000000000000,4.926935270481281e-07,4.6219021343496536e-07,0.02,0.025,PASS
B_fixed_infinite_spectrum,IM,1.15,noise_gap,combined_2x,time_grid_and_bin_width,1000000000000,1000000000000,0.0015534528505975198,0.0005044779761136375,0.02,0.025,PASS
B_fixed_infinite_spectrum,IM,1.15,noise_gap,cutoff_only_100x,spectral_cutoff,1000000000000,100000000000000,4.087295196823286e-15,6.616929226765933e-14,0.002,0.002,PASS
B_fixed_infinite_spectrum,IM,1.15,centered_total,time_only_2x,time_grid,1000000000000,1000000000000,5.8603369496844215e-05,1.556214746500917e-05,0.02,0.025,PASS
B_fixed_infinite_spectrum,IM,1.15,centered_total,spectral_only_2x,bin_width,1000000000000,1000000000000,1.114192580767002e-06,2.7192342555437676e-07,0.02,0.025,PASS
B_fixed_infinite_spectrum,IM,1.15,centered_total,combined_2x,time_grid_and_bin_width,1000000000000,1000000000000,5.930525822799005e-05,1.5290964415326513e-05,0.02,0.025,PASS
B_fixed_infinite_spectrum,IM,1.15,centered_total,cutoff_only_100x,spectral_cutoff,1000000000000,100000000000000,2.8565007934636056e-16,2.220446049250313e-16,0.002,0.002,PASS
B_fixed_infinite_spectrum,IM,1.1666666666666667,noise_gap,time_only_2x,time_grid,1000000000000,1000000000000,0.00154525453565734,0.00048688602131430336,0.02,0.025,PASS
B_fixed_infinite_spectrum,IM,1.1666666666666667,noise_gap,spectral_only_2x,bin_width,1000000000000,1000000000000,5.014797330625949e-07,4.831387365733519e-07,0.02,0.025,PASS
B_fixed_infinite_spectrum,IM,1.1666666666666667,noise_gap,combined_2x,time_grid_and_bin_width,1000000000000,1000000000000,0.0015447646763167486,0.000487370236361917,0.02,0.025,PASS
B_fixed_infinite_spectrum,IM,1.1666666666666667,noise_gap,cutoff_only_100x,spectral_cutoff,1000000000000,100000000000000,4.1006300482605496e-15,7.061018436615996e-14,0.002,0.002,PASS
B_fixed_infinite_spectrum,IM,1.1666666666666667,centered_total,time_only_2x,time_grid,1000000000000,1000000000000,5.5326861255388023e-05,1.4906434771533306e-05,0.02,0.025,PASS
B_fixed_infinite_spectrum,IM,1.1666666666666667,centered_total,spectral_only_2x,bin_width,1000000000000,1000000000000,1.116777314432146e-06,2.715383606854971e-07,0.02,0.025,PASS
B_fixed_infinite_spectrum,IM,1.1666666666666667,centered_total,combined_2x,time_grid_and_bin_width,1000000000000,1000000000000,5.602289684748998e-05,1.4635636829574139e-05,0.02,0.025,PASS
B_fixed_infinite_spectrum,IM,1.1666666666666667,centered_total,cutoff_only_100x,spectral_cutoff,1000000000000,100000000000000,2.4921516778248075e-16,2.220446049250313e-16,0.002,0.002,PASS
B_fixed_infinite_spectrum,IM,1.2,noise_gap,time_only_2x,time_grid,1000000000000,1000000000000,0.001525601525525368,0.0004474696024558966,0.02,0.025,PASS
B_fixed_infinite_spectrum,IM,1.2,noise_gap,spectral_only_2x,bin_width,1000000000000,1000000000000,5.195701125002601e-07,5.268744276420989e-07,0.02,0.025,PASS
B_fixed_infinite_spectrum,IM,1.2,noise_gap,combined_2x,time_grid_and_bin_width,1000000000000,1000000000000,0.0015250937828280007,0.00044799759379965387,0.02,0.025,PASS
B_fixed_infinite_spectrum,IM,1.2,noise_gap,cutoff_only_100x,spectral_cutoff,1000000000000,100000000000000,4.2003676112211974e-15,7.771561172376096e-14,0.002,0.002,PASS
B_fixed_infinite_spectrum,IM,1.2,centered_total,time_only_2x,time_grid,1000000000000,1000000000000,4.929704993984452e-05,1.361464846760807e-05,0.02,0.025,PASS
B_fixed_infinite_spectrum,IM,1.2,centered_total,spectral_only_2x,bin_width,1000000000000,1000000000000,1.1214937662490116e-06,2.708059428924159e-07,0.02,0.025,PASS
B_fixed_infinite_spectrum,IM,1.2,centered_total,combined_2x,time_grid_and_bin_width,1000000000000,1000000000000,4.998139335377303e-05,1.3344582784236003e-05,0.02,0.025,PASS
B_fixed_infinite_spectrum,IM,1.2,centered_total,cutoff_only_100x,spectral_cutoff,1000000000000,100000000000000,2.5600004955157277e-16,2.220446049250313e-16,0.002,0.002,PASS
B_fixed_infinite_spectrum,IM,1.2166666666666668,noise_gap,time_only_2x,time_grid,1000000000000,1000000000000,0.0015146387367442331,0.0004252970358509245,0.02,0.025,PASS
B_fixed_infinite_spectrum,IM,1.2166666666666668,noise_gap,spectral_only_2x,bin_width,1000000000000,1000000000000,5.288664456686363e-07,5.495456518733732e-07,0.02,0.025,PASS
B_fixed_infinite_spectrum,IM,1.2166666666666668,noise_gap,combined_2x,time_grid_and_bin_width,1000000000000,1000000000000,0.001514121839815336,0.00042584771142162303,0.02,0.025,PASS
B_fixed_infinite_spectrum,IM,1.2166666666666668,noise_gap,cutoff_only_100x,spectral_cutoff,1000000000000,100000000000000,4.216601836196636e-15,8.171241461241152e-14,0.002,0.002,PASS
B_fixed_infinite_spectrum,IM,1.2166666666666668,centered_total,time_only_2x,time_grid,1000000000000,1000000000000,4.652627016764987e-05,1.2985291709566305e-05,0.02,0.025,PASS
B_fixed_infinite_spectrum,IM,1.2166666666666668,centered_total,spectral_only_2x,bin_width,1000000000000,1000000000000,1.1236439884716818e-06,2.704593164981617e-07,0.02,0.025,PASS
B_fixed_infinite_spectrum,IM,1.2166666666666668,centered_total,combined_2x,time_grid_and_bin_width,1000000000000,1000000000000,4.720480020401905e-05,1.271557247795041e-05,0.02,0.025,PASS
B_fixed_infinite_spectrum,IM,1.2166666666666668,centered_total,cutoff_only_100x,spectral_cutoff,1000000000000,100000000000000,2.5481352981519705e-16,1.1102230246251565e-16,0.002,0.002,PASS
B_fixed_infinite_spectrum,IM,1.25,noise_gap,time_only_2x,time_grid,1000000000000,1000000000000,0.0014904777369948205,0.00037650942852573976,0.02,0.025,PASS
B_fixed_infinite_spectrum,IM,1.25,noise_gap,spectral_only_2x,bin_width,1000000000000,1000000000000,5.479383574594409e-07,5.961329214709821e-07,0.02,0.025,PASS
B_fixed_infinite_spectrum,IM,1.25,noise_gap,combined_2x,time_grid_and_bin_width,1000000000000,1000000000000,0.0014899421355309343,0.00037710669963275656,0.02,0.025,PASS
B_fixed_infinite_spectrum,IM,1.25,noise_gap,cutoff_only_100x,spectral_cutoff,1000000000000,100000000000000,4.2838988838781825e-15,9.015010959956271e-14,0.002,0.002,PASS
B_fixed_infinite_spectrum,IM,1.25,centered_total,time_only_2x,time_grid,1000000000000,1000000000000,4.143197865212099e-05,1.1771992046494262e-05,0.02,0.025,PASS
B_fixed_infinite_spectrum,IM,1.25,centered_total,spectral_only_2x,bin_width,1000000000000,1000000000000,1.1275705864585057e-06,2.6980582767954786e-07,0.02,0.025,PASS
B_fixed_infinite_spectrum,IM,1.25,centered_total,combined_2x,time_grid_and_bin_width,1000000000000,1000000000000,4.209900587230989e-05,1.1502925817752363e-05,0.02,0.025,PASS
B_fixed_infinite_spectrum,IM,1.25,centered_total,cutoff_only_100x,spectral_cutoff,1000000000000,100000000000000,2.6976328950000366e-16,2.220446049250313e-16,0.002,0.002,PASS
B_fixed_infinite_spectrum,IM,1.3,noise_gap,time_only_2x,time_grid,1000000000000,1000000000000,0.0014488026027285508,0.000294462341284385,0.02,0.025,PASS
B_fixed_infinite_spectrum,IM,1.3,noise_gap,spectral_only_2x,bin_width,1000000000000,1000000000000,5.776611568714978e-07,6.677982096192636e-07,0.02,0.025,PASS
B_fixed_infinite_spectrum,IM,1.3,noise_gap,combined_2x,time_grid_and_bin_width,1000000000000,1000000000000,0.0014482380565100138,0.00029513123841096167,0.02,0.025,PASS
B_fixed_infinite_spectrum,IM,1.3,noise_gap,cutoff_only_100x,spectral_cutoff,1000000000000,100000000000000,4.460219170721512e-15,1.0258460747536446e-13,0.002,0.002,PASS
B_fixed_infinite_spectrum,IM,1.3,centered_total,time_only_2x,time_grid,1000000000000,1000000000000,3.4796274550273646e-05,1.0088676333785962e-05,0.02,0.025,PASS
B_fixed_infinite_spectrum,IM,1.3,centered_total,spectral_only_2x,bin_width,1000000000000,1000000000000,1.132637466138391e-06,2.6892337545714184e-07,0.02,0.025,PASS
B_fixed_infinite_spectrum,IM,1.3,centered_total,combined_2x,time_grid_and_bin_width,1000000000000,1000000000000,3.544651381902894e-05,9.820491612022586e-06,0.02,0.025,PASS
B_fixed_infinite_spectrum,IM,1.3,centered_total,cutoff_only_100x,spectral_cutoff,1000000000000,100000000000000,2.333711410015511e-16,1.1102230246251565e-16,0.002,0.002,PASS
B_fixed_infinite_spectrum,IM,1.35,noise_gap,time_only_2x,time_grid,1000000000000,1000000000000,0.0014009371495031838,0.00020652086774464173,0.02,0.025,PASS
B_fixed_infinite_spectrum,IM,1.35,noise_gap,spectral_only_2x,bin_width,1000000000000,1000000000000,6.085634536911468e-07,7.392210870094118e-07,0.02,0.025,PASS
B_fixed_infinite_spectrum,IM,1.35,noise_gap,combined_2x,time_grid_and_bin_width,1000000000000,1000000000000,0.0014003427830347834,0.0002072610810273101,0.02,0.025,PASS
B_fixed_infinite_spectrum,IM,1.35,noise_gap,cutoff_only_100x,spectral_cutoff,1000000000000,100000000000000,4.567773234115933e-15,1.1501910535116622e-13,0.002,0.002,PASS
B_fixed_infinite_spectrum,IM,1.35,centered_total,time_only_2x,time_grid,1000000000000,1000000000000,2.920550045235291e-05,8.588038275969545e-06,0.02,0.025,PASS
B_fixed_infinite_spectrum,IM,1.35,centered_total,spectral_only_2x,bin_width,1000000000000,1000000000000,1.1368716257137902e-06,2.6815178799655115e-07,0.02,0.025,PASS
B_fixed_infinite_spectrum,IM,1.35,centered_total,combined_2x,time_grid_and_bin_width,1000000000000,1000000000000,2.9839734114950253e-05,8.32062407696288e-06,0.02,0.025,PASS
B_fixed_infinite_spectrum,IM,1.35,centered_total,cutoff_only_100x,spectral_cutoff,1000000000000,100000000000000,2.1352149641978803e-16,0.0,0.002,0.002,PASS
