route,theta,group,phase,theory_gap_exponent,theory_phase_exponent,measured_absolute_gap_exponent,measured_relative_gap_exponent,relative_gap_error,relative_gap_local_median,relative_gap_local_variation,measured_phase_envelope_exponent,phase_envelope_error,phase_envelope_local_median,phase_envelope_local_variation,raw_total_exponent,phase_exponent_gate,phase_local_gate,relative_gap_exponent_gate,included_in_primary_phase_gate,included_in_sentinel_phase_gate,included_in_overall_observable_gate,included_in_frozen_numerical_contract
coarse,0.0,control,below-boundary instability,,,-0.32565694403630263,-0.27477407977313134,,-0.27457254143296145,0.05214984915424624,-0.27477407977313134,,-0.27457254143296145,0.05214984915424624,-0.234381999764911,False,True,False,False,False,False,True
coarse,0.25,primary,destroy boundary,0.0,0.0,-0.05088286426317129,-0.0,0.0,0.0,0.0,-0.0,0.0,0.0,0.0,0.07793904338644382,True,True,True,True,False,True,True
coarse,0.35,primary,change,0.10000000000000009,0.10000000000000009,0.05281419361549789,0.10369705787866924,0.003697057878669155,0.10376480999537913,0.030349721325720693,0.10369705787866924,0.003697057878669155,0.10376480999537913,0.030349721325720693,0.18854002624816732,True,True,True,True,False,True,True
coarse,0.5,primary,change,0.25,0.25,0.20359502411131886,0.25447788837449026,0.0044778883744902576,0.2545870176767749,0.040045512369299194,0.25447788837449026,0.0044778883744902576,0.2545870176767749,0.040045512369299194,0.32963522746298374,True,True,True,True,False,True,True
coarse,0.65,primary,change,0.3999999999999999,0.3999999999999999,0.3470281557676173,0.39791102003078865,0.0020889799692112576,0.3978890269710484,0.052179657965529876,0.39791102003078865,0.0020889799692112576,0.3978890269710484,0.052179657965529876,0.43183446140532805,True,True,True,True,False,True,True
coarse,0.75,primary,critical,0.5,0.4999999999999999,0.43660555687462216,0.48748842113779345,0.012511578862206552,0.4872368453331384,0.059434439214222555,0.48748842113779345,0.01251157886220644,0.4872368453331384,0.059434439214222555,0.47719309762724443,True,True,True,True,False,True,True
coarse,0.9,primary,preserve,0.6499999999999999,0.4999999999999999,0.5576788983380591,0.6085617626012304,0.041438237398769506,0.6077543497063412,0.06547597014685644,0.5002444668434193,0.0002444668434193886,0.5007776079381167,0.008265140419487864,0.5167979428024313,True,True,True,True,False,True,True
coarse,1.0,primary,preserve,0.75,0.4999999999999999,0.6268695742928659,0.6777524385560374,0.0722475614439626,0.6764905261888035,0.06430875362314326,0.5002444668434193,0.0002444668434193886,0.5007776079381167,0.008265140419487864,0.5295667270295132,True,True,False,True,False,True,True
coarse,1.1,primary,preserve,0.75,0.4999999999999999,0.6850942307964424,0.7359770950596136,0.014022904940386383,0.7342529092809048,0.05803097963843303,0.5002444668434193,0.0002444668434193886,0.5007776079381167,0.008265140419487864,0.535492837357081,True,True,True,True,False,True,True
coarse,1.5,sentinel,preserve,0.75,0.4999999999999999,0.8076703038289992,0.8585531680921704,0.10855316809217042,0.8586962503515344,0.015419522529918003,0.5002444668434193,0.0002444668434193886,0.5007776079381167,0.008265140419487864,0.5326441616807145,True,True,False,False,True,True,True
coarse,2.5,sentinel,preserve,0.75,0.4999999999999999,0.8111547729870157,0.8620376372501867,0.11203763725018667,0.8581688723752849,0.053894676942566444,0.5002444668434193,0.0002444668434193886,0.5007776079381167,0.008265140419487864,0.5182275299199016,True,True,False,False,True,True,True
coarse,2.0,display-only,preserve,0.75,0.4999999999999999,0.8215667780463519,0.8724496423095229,0.12244964230952293,0.8668917406794804,0.055072426143990105,0.5002444668434193,0.0002444668434193886,0.5007776079381167,0.008265140419487864,0.5230014648219408,True,True,False,False,False,False,False
time_refined,0.0,control,below-boundary instability,,,-0.32569342726844347,-0.2750214025151193,,-0.2748192590310338,0.05182062572887543,-0.2750214025151193,,-0.2748192590310338,0.05182062572887543,-0.23442157134024988,False,True,False,False,False,False,True
time_refined,0.25,primary,destroy boundary,0.0,0.0,-0.05067202475332421,-0.0,0.0,0.0,0.0,-0.0,0.0,0.0,0.0,0.07816109482590786,True,True,True,True,False,True,True
time_refined,0.35,primary,change,0.10000000000000009,0.10000000000000009,0.05309047935296599,0.1037625041062902,0.0037625041062901154,0.10382940590803004,0.03003702673132844,0.1037625041062902,0.0037625041062901154,0.10382940590803004,0.03003702673132844,0.18881162250815423,True,True,True,True,False,True,True
time_refined,0.5,primary,change,0.25,0.25,0.2039443067602052,0.25461633151352947,0.00461633151352947,0.2547233341592131,0.03978728838650928,0.25461633151352947,0.00461633151352947,0.2547233341592131,0.03978728838650928,0.3299163377264143,True,True,True,True,False,True,True
time_refined,0.65,primary,change,0.3999999999999999,0.3999999999999999,0.3474135977036161,0.39808562245694024,0.0019143775430596754,0.3980603489143713,0.05196250068859133,0.39808562245694024,0.0019143775430596754,0.3980603489143713,0.05196250068859133,0.43205471976537557,True,True,True,True,False,True,True
time_refined,0.75,primary,critical,0.5,0.4999999999999999,0.43698929445834195,0.4876613192116662,0.012338680788333778,0.4874056606953761,0.05923266646292835,0.4876613192116662,0.012338680788333667,0.4874056606953761,0.05923266646292835,0.47735285540119937,True,True,True,True,False,True,True
time_refined,0.9,primary,preserve,0.6499999999999999,0.4999999999999999,0.5580163210376407,0.6086883457909648,0.041311654209035154,0.6078753977005322,0.06527734704737685,0.5002428986458167,0.00024289864581683585,0.5007909673401686,0.00829058390579994,0.5168718071204171,True,True,True,True,False,True,True
time_refined,1.0,primary,preserve,0.75,0.4999999999999999,0.6271489354133447,0.6778209601666689,0.07217903983333107,0.6765521617119628,0.06410290940284634,0.5002428986458167,0.00024289864581683585,0.5007909673401686,0.00829058390579994,0.5295981578505499,True,True,False,True,False,True,True
time_refined,1.1,primary,preserve,0.75,0.4999999999999999,0.6853003767513788,0.7359724015047029,0.014027598495297111,0.7342393522695894,0.05781823507432218,0.5002428986458167,0.00024289864581683585,0.5007909673401686,0.00829058390579994,0.5354955088747503,True,True,True,True,False,True,True
time_refined,1.5,sentinel,preserve,0.75,0.4999999999999999,0.8076121727564615,0.8582841975097854,0.10828419750978535,0.8584319244666424,0.015523855218653317,0.5002428986458167,0.00024289864581683585,0.5007909673401686,0.00829058390579994,0.5326170929055116,True,True,False,False,True,True,True
time_refined,2.5,sentinel,preserve,0.75,0.4999999999999999,0.8111024112185522,0.8617744359718764,0.11177443597187642,0.8579033923754853,0.053721702786640034,0.5002428986458167,0.00024289864581683585,0.5007909673401686,0.00829058390579994,0.5182189348759172,True,True,False,False,True,True,True
time_refined,2.0,display-only,preserve,0.75,0.4999999999999999,0.821467686991128,0.8721397117444522,0.12213971174445215,0.8666844331183109,0.05494445761909668,0.5002428986458167,0.00024289864581683585,0.5007909673401686,0.00829058390579994,0.5229858573259243,True,True,False,False,False,False,False
spectrum_refined,0.0,control,below-boundary instability,,,-0.3256569397027107,-0.27477408209808013,,-0.27457254355601324,0.052149866624528536,-0.27477408209808013,,-0.27457254355601324,0.052149866624528536,-0.23438199475114463,False,True,False,False,False,False,True
spectrum_refined,0.25,primary,destroy boundary,0.0,0.0,-0.05088285760463067,-0.0,0.0,0.0,0.0,-0.0,0.0,0.0,0.0,0.07793905276871951,True,True,True,True,False,True,True
spectrum_refined,0.35,primary,change,0.10000000000000009,0.10000000000000009,0.05281420147005789,0.10369705907468849,0.003697059074688397,0.10376481105590477,0.030349746873984538,0.10369705907468849,0.003697059074688397,0.10376481105590477,0.030349746873984538,0.18854003827721322,True,True,True,True,False,True,True
spectrum_refined,0.5,primary,change,0.25,0.25,0.20359503418897157,0.2544778917936021,0.0044778917936020846,0.25458702068408967,0.040045542384906735,0.2544778917936021,0.0044778917936020846,0.25458702068408967,0.040045542384906735,0.3296352443674837,True,True,True,True,False,True,True
spectrum_refined,0.65,primary,change,0.3999999999999999,0.3999999999999999,0.3470281687101477,0.39791102631477837,0.00208897368522154,0.3978890324504869,0.052179693460886085,0.39791102631477837,0.00208897368522154,0.3978890324504869,0.052179693460886085,0.4318344834941728,True,True,True,True,False,True,True
spectrum_refined,0.75,primary,critical,0.5,0.4999999999999999,0.4366055721295485,0.4874884297341791,0.012511570265820893,0.48723685278337087,0.05943447900880945,0.4874884297341791,0.012511570265820782,0.48723685278337087,0.05943447900880945,0.47719312276054265,True,True,True,True,False,True,True
spectrum_refined,0.9,primary,preserve,0.6499999999999999,0.4999999999999999,0.5576789176292438,0.6085617752338743,0.041438224766125575,0.6077543605685837,0.06547601725891367,0.5002444985476939,0.00024449854769403867,0.5007776427587894,0.008265075836147807,0.5167979713404158,True,True,True,True,False,True,True
spectrum_refined,1.0,primary,preserve,0.75,0.4999999999999999,0.6268695965394901,0.6777524541441206,0.07224754585587945,0.6764905395554854,0.06430880594465263,0.5002444985476939,0.00024449854769403867,0.5007776427587894,0.008265075836147807,0.5295667570496176,True,True,False,True,False,True,True
spectrum_refined,1.1,primary,preserve,0.75,0.4999999999999999,0.6850942560471436,0.7359771136517742,0.014022886348225794,0.7342529252328813,0.058031037104124765,0.5002444985476939,0.00024449854769403867,0.5007776427587894,0.008265075836147807,0.5354928683564285,True,True,True,True,False,True,True
spectrum_refined,1.5,sentinel,preserve,0.75,0.4999999999999999,0.8076703385246284,0.8585531961292588,0.10855319612925884,0.858696258346902,0.015419506606700526,0.5002444985476939,0.00024449854769403867,0.5007776427587894,0.008265075836147807,0.5326441939863891,True,True,False,False,True,True,True
spectrum_refined,2.5,sentinel,preserve,0.75,0.4999999999999999,0.8111548125412377,0.862037670145868,0.11203767014586796,0.858168893966558,0.053894617162906444,0.5002444985476939,0.00024449854769403867,0.5007776427587894,0.008265075836147807,0.5182275621954867,True,True,False,False,True,True,True
spectrum_refined,2.0,display-only,preserve,0.75,0.4999999999999999,0.8215668168039288,0.8724496744085594,0.12244967440855936,0.8668918023263122,0.055072354886734794,0.5002444985476939,0.00024449854769403867,0.5007776427587894,0.008265075836147807,0.5230014971778439,True,True,False,False,False,False,False
refined,0.0,control,below-boundary instability,,,-0.32569342293371245,-0.27502140484378024,,-0.2748192611561834,0.05182064326307084,-0.27502140484378024,,-0.2748192611561834,0.05182064326307084,-0.23442156632498978,False,True,False,False,False,False,True
refined,0.25,primary,destroy boundary,0.0,0.0,-0.05067201808993216,-0.0,0.0,0.0,0.0,-0.0,0.0,0.0,0.0,0.07816110421571336,True,True,True,True,False,True,True
refined,0.35,primary,change,0.10000000000000009,0.10000000000000009,0.053090487215234926,0.10376250530516713,0.0037625053051670437,0.1038294069704544,0.03003705238633298,0.10376250530516713,0.0037625053051670437,0.1038294069704544,0.03003705238633298,0.18881163454896646,True,True,True,True,False,True,True
refined,0.5,primary,change,0.25,0.25,0.20394431685115816,0.2546163349410903,0.0046163349410903165,0.2547233371725677,0.03978731852143562,0.2546163349410903,0.0046163349410903165,0.2547233371725677,0.03978731852143562,0.3299163546489235,True,True,True,True,False,True,True
refined,0.65,primary,change,0.3999999999999999,0.3999999999999999,0.34741361066621945,0.3980856287561516,0.0019143712438483007,0.39806035440544285,0.051962536313680446,0.3980856287561516,0.0019143712438483007,0.39806035440544285,0.051962536313680446,0.43205474187494575,True,True,True,True,False,True,True
refined,0.75,primary,critical,0.5,0.4999999999999999,0.43698930973801775,0.48766132782794996,0.012338672172050036,0.4874056681615221,0.0592327063921565,0.48766132782794996,0.012338672172049925,0.4874056681615221,0.0592327063921565,0.477352880554203,True,True,True,True,False,True,True
refined,0.9,primary,preserve,0.6499999999999999,0.4999999999999999,0.5580163403594578,0.6086883584493897,0.04131164155061018,0.6078754085851311,0.06527739429586511,0.500242930354084,0.00024293035408406993,0.5007910021749986,0.008290515196333252,0.5168718356739177,True,True,True,True,False,True,True
refined,1.0,primary,preserve,0.75,0.4999999999999999,0.6271489576927712,0.6778209757827034,0.0721790242172966,0.6765521751046507,0.06410296185664494,0.500242930354084,0.00024293035408406993,0.5007910021749986,0.008290515196333252,0.5295981878830223,True,True,False,True,False,True,True
refined,1.1,primary,preserve,0.75,0.4999999999999999,0.6853004020350375,0.7359724201249698,0.014027579875030227,0.7342393682501849,0.05781829266330763,0.500242930354084,0.00024293035408406993,0.5007910021749986,0.008290515196333252,0.5354955398837603,True,True,True,True,False,True,True
refined,1.5,sentinel,preserve,0.75,0.4999999999999999,0.807612207470697,0.8582842255606287,0.10828422556062867,0.8584319324691035,0.015523839285764812,0.500242930354084,0.00024293035408406993,0.5007910021749986,0.008290515196333252,0.5326171252156513,True,True,False,False,True,True,True
refined,2.5,sentinel,preserve,0.75,0.4999999999999999,0.8111024507749957,0.8617744688649275,0.11177446886492748,0.8579034139423286,0.05372164300385923,0.500242930354084,0.00024293035408406993,0.5007910021749986,0.008290515196333252,0.5182189671548959,True,True,False,False,True,True,True
refined,2.0,display-only,preserve,0.75,0.4999999999999999,0.8214677257538919,0.872139743843824,0.12213974384382398,0.8666844947517875,0.054944386335599574,0.500242930354084,0.00024293035408406993,0.5007910021749986,0.008290515196333252,0.522985889685292,True,True,False,False,False,False,False
